name,sex,year,count,baseline,ratio,score
Tammy,F,1958,9987,255,39.16,391137.9
Jaime,F,1976,7838,259,30.26,237197.9
Devante,M,1992,1565,12,130.42,204102.1
Nakia,F,1974,1135,7,162.14,184032.1
Nevaeh,F,2001,1199,8,149.88,179700.1
Ailany,F,2025,7136,311,22.95,163737.9
Catina,F,1972,1372,14,98.0,134456.0
Jalen,M,1993,1392,15,92.8,129177.6
Jermaine,M,1971,1014,8,126.75,128524.5
Jaslene,F,2008,872,6,145.33,126730.7
Ashley,F,1983,33289,8874,3.75,124876.9
Shirley,F,1935,42366,14476,2.93,123989.9
Debra,F,1951,17064,2392,7.13,121730.8
Deneen,F,1964,1604,22,72.91,116946.2
Debra,F,1952,26832,6176,4.34,116573.2
Katina,F,1972,2747,68,40.4,110970.7
Cheryl,F,1944,7972,591,13.49,107534.3
Jason,M,1970,27272,7143,3.82,104124.6
Ashley,F,1984,38773,14851,2.61,101228.6
Tammy,F,1957,4365,193,22.62,98721.4
Aaliyah,F,1994,1451,22,65.95,95700.0
Tevin,M,1991,1099,13,84.54,92907.8
Deanna,F,1937,1624,29,56.0,90944.0
Shelby,F,1991,10220,1203,8.5,86823.3
Tyrese,M,1999,1692,35,48.34,81796.1
Jayceon,M,2013,1849,42,44.02,81400.0
Yahir,M,2003,1274,20,63.7,81153.8
Nicholas,M,1978,16342,3466,4.71,77051.6
Woodrow,M,1912,1843,45,40.96,75481.1
Deborah,F,1950,29063,11244,2.58,75120.8
Nicholas,M,1979,21344,6071,3.52,75039.8
Jaclyn,F,1977,1939,51,38.02,73720.0
Cindy,F,1957,20272,5588,3.63,73542.2
Catina,F,1973,1236,23,53.74,66421.6
Deanna,F,1938,2254,77,29.27,65980.7
Bentley,M,2010,3776,217,17.4,65705.9
Katina,F,1973,2473,95,26.03,64376.1
Mariah,F,1991,5192,423,12.27,63727.8
Shelby,F,1936,1071,18,59.5,63724.5
Deborah,F,1949,19209,5837,3.29,63215.0
Aaliyah,F,1995,1256,25,50.24,63101.4
Jalen,M,1992,612,6,102.0,62424.0
Bentley,M,2011,5587,522,10.7,59798.0
Shelby,F,1937,1997,67,29.81,59522.5
Miley,F,2007,1233,26,47.42,58472.7
Sabrina,F,1955,1121,22,50.95,57120.0
Talan,M,2006,1060,20,53.0,56180.0
Ethan,M,1990,6989,896,7.8,54515.8
Brittany,F,1985,15437,4377,3.53,54443.9
Brittany,F,1986,20313,7665,2.65,53831.4
Kiara,F,1989,2624,128,20.5,53792.0
Shaun,M,1978,6105,699,8.73,53320.5
Samantha,F,1965,1961,73,26.86,52678.4
Tristan,M,1996,5458,567,9.63,52539.3
Jamie,F,1976,12539,3020,4.15,52061.8
Corey,M,1969,4924,466,10.57,52029.6
Marlene,F,1931,2585,129,20.04,51800.2
Dylan,M,1992,15064,4414,3.41,51410.1
Deborah,F,1948,11244,2471,4.55,51164.5
Jason,M,1969,16488,5336,3.09,50947.2
Marquita,F,1983,2543,128,19.87,50522.3
Tabatha,F,1966,500,5,100.0,50000.0
Allisson,F,2008,768,12,64.0,49152.0
Mallory,F,1984,1469,45,32.64,47954.7
Linda,F,1940,18370,7047,2.61,47886.6
Addison,F,2007,11949,3023,3.95,47230.8
Jase,M,2013,4555,454,10.03,45700.5
Woodrow,M,1913,2333,121,19.28,44982.6
Judith,F,1939,16625,6146,2.71,44970.8
Maximus,M,2001,892,18,49.56,44203.6
Marely,F,2008,1005,23,43.7,43914.1
Brenda,F,1940,5442,676,8.05,43809.7
Tammy,F,1959,13707,4365,3.14,43042.8
Tammie,F,1958,1311,41,31.98,41920.0
Audra,F,1966,892,19,46.95,41877.1
Jaslene,F,2007,501,6,83.5,41833.5
Kayla,F,1987,10576,2681,3.94,41720.2
Jeannine,F,1929,1183,34,34.79,41161.4
Whitney,F,1986,9536,2287,4.17,39761.8
Shania,F,1996,1837,85,21.61,39700.8
Jamie,F,1977,12895,4233,3.05,39282.1
Kayla,F,1983,3527,317,11.13,39242.0
Heather,F,1970,14669,5502,2.67,39109.3
Kayla,F,1988,13433,4657,2.88,38747.2
Jalisa,F,1988,520,7,74.29,38628.6
Jaime,F,1977,5906,914,6.46,38162.8
Trinity,F,2000,4284,481,8.91,38155.2
Dawson,M,1999,2802,209,13.41,37565.6
Nicole,F,1970,10691,3083,3.47,37073.5
Tevin,M,1990,607,10,60.7,36844.9
Chad,M,1971,12137,4060,2.99,36282.5
Ashanti,F,2002,2946,243,12.12,35715.7
Miley,F,2008,2652,198,13.39,35520.7
Jenna,F,1985,6436,1168,5.51,35464.1
Cynthia,F,1947,10530,3127,3.37,35459.2
Gregory,M,1947,9327,2474,3.77,35162.9
Omarion,M,2002,418,5,83.6,34944.8
Darrin,M,1965,3255,310,10.5,34177.5
Ryan,M,1972,8878,2323,3.82,33929.8
Debra,F,1950,6176,1125,5.49,33904.9
Marlene,F,1932,3219,306,10.52,33862.6
Douglas,M,1942,11233,3732,3.01,33810.4
Kim,F,1956,9897,2926,3.38,33475.9
Dylan,M,1991,9763,2853,3.42,33409.1
Brianne,F,1979,1663,83,20.04,33320.1
Brenda,F,1939,2756,233,11.83,32598.9
Krystle,F,1982,916,26,35.23,32271.4
Whitley,F,1988,508,8,63.5,32258.0
Shannon,F,1969,10452,3444,3.03,31720.2
Jaheim,M,2001,554,10,55.4,30691.6
Ermias,M,2019,523,9,58.11,30392.1
Aja,F,1978,491,8,61.38,30135.1
Denise,F,1952,11652,4514,2.58,30077.3
Mike,M,1958,10779,3900,2.76,29791.5
Jenna,F,1984,5882,1168,5.04,29621.5
Denise,F,1951,8116,2236,3.63,29458.6
Nevaeh,F,2002,1699,99,17.16,29157.6
Jeremy,M,1970,4318,640,6.75,29133.0
Farrah,F,1977,1515,81,18.7,28336.1
Addison,F,2006,7622,2055,3.71,28270.0
Ailany,F,2024,2606,241,10.81,28179.4
Mareli,F,2008,411,6,68.5,28153.5
Warren,M,1921,7798,2180,3.58,27893.9
Demond,M,1972,403,6,67.17,27068.2
Akeelah,F,2006,403,6,67.17,27068.2
Jeremy,M,1971,7498,2082,3.6,27002.9
Khloe,F,2009,3459,447,7.74,26766.6
Yulissa,F,1997,612,14,43.71,26753.1
Sheena,F,1982,1956,144,13.58,26569.0
Franklin,M,1933,5363,1089,4.92,26411.2
Tami,F,1958,1829,128,14.29,26134.7
Heather,F,1969,10069,3904,2.58,25969.5
Taylor,F,1991,10253,4069,2.52,25835.3
Bret,M,1958,1514,91,16.64,25189.0
Shelby,F,1992,9396,3517,2.67,25102.3
Ethan,M,1989,4056,656,6.18,25078.0
Noah,M,1996,7184,2081,3.45,24800.5
Gregory,M,1946,5672,1305,4.35,24652.6
Jasmine,F,1989,9549,3723,2.56,24491.9
Kelly,F,1958,4471,830,5.39,24084.1
Dominique,F,1985,3299,454,7.27,23972.2
Judy,F,1939,8081,2741,2.95,23824.4
Darren,M,1959,1299,71,18.3,23766.2
Deborah,F,1947,5837,1462,3.99,23304.1
Cheryl,F,1945,8149,2878,2.83,23073.7
Tina,F,1956,5330,1236,4.31,22984.5
Vanessa,F,1953,2007,176,11.4,22886.6
Ariel,F,1991,5411,1284,4.21,22802.9
Amaya,F,2000,1632,117,13.95,22764.3
Jermaine,M,1972,1967,171,11.5,22626.3
Jayceon,M,2014,2016,182,11.08,22331.1
Iesha,F,1991,1896,161,11.78,22328.0
Ashton,F,1986,954,41,23.27,22198.0
Selena,F,1995,3825,663,5.77,22067.3
Kimberly,F,1956,6730,2087,3.22,21702.4
Brantley,M,2012,2588,311,8.32,21536.2
Kelly,F,1959,6380,1903,3.35,21389.6
Yesenia,F,1971,527,13,40.54,21363.8
Adaline,F,2016,1882,166,11.34,21336.9
Alondra,F,1996,2021,193,10.47,21162.9
Aiden,M,2003,5684,1587,3.58,20357.8
Linda,F,1938,7047,2440,2.89,20352.5
Ella,F,2003,5909,1722,3.43,20276.6
Mariah,F,1992,4712,1103,4.27,20129.6
Lindsay,F,1976,2070,213,9.72,20116.9
Gloria,F,1922,4496,1016,4.43,19895.7
Talan,M,2005,446,10,44.6,19891.6
Sheree,F,1955,1269,81,15.67,19881.0
Dewey,M,1898,1115,63,17.7,19733.7
Harper,F,2012,7199,2634,2.73,19675.6
Brandy,F,1973,3715,705,5.27,19576.2
Tristen,M,1996,1188,73,16.27,19333.5
Mike,M,1957,7247,2732,2.65,19223.6
Mandy,F,1976,2924,446,6.56,19169.9
Mandy,F,1975,2710,385,7.04,19075.6
Malik,M,1996,4026,853,4.72,19002.0
Calvin,M,1924,4918,1282,3.84,18866.4
Troy,M,1961,4259,963,4.42,18836.0
Taylor,F,1990,7262,2801,2.59,18827.8
Heath,M,1966,433,10,43.3,18748.9
Cheryl,F,1943,2878,442,6.51,18739.6
Nicole,F,1969,7212,2776,2.6,18736.7
Devonte,M,1992,1325,94,14.1,18676.9
Kim,F,1955,5687,1739,3.27,18598.0
Dawson,M,1998,1895,195,9.72,18415.5
Mya,F,1999,1885,196,9.62,18128.7
Aiden,M,2004,7161,2832,2.53,18107.3
Tim,M,1958,5540,1717,3.23,17875.1
Troy,M,1962,6048,2056,2.94,17791.0
Mallory,F,1983,689,27,25.52,17582.3
Camryn,F,1999,2048,240,8.53,17476.3
Bret,M,1959,1839,194,9.48,17432.6
Audrina,F,2008,932,50,18.64,17372.5
Chase,M,1983,1823,194,9.4,17130.6
Khloe,F,2010,5412,1715,3.16,17078.6
Farrah,F,1976,836,41,20.39,17046.2
Ryan,M,1971,6184,2245,2.75,17034.2
Darren,M,1965,5938,2081,2.85,16943.7
Connor,M,1993,6452,2462,2.62,16908.3
Demond,M,1973,411,10,41.1,16892.1
Kirby,F,1984,367,8,45.88,16836.1
Tristan,M,1995,3088,567,5.45,16817.9
Tricia,F,1969,2981,529,5.64,16798.4
Rosalie,F,1938,3758,845,4.45,16713.1
Jordan,F,1990,5957,2127,2.8,16683.5
Jazlene,F,2008,340,7,48.57,16514.3
Kayla,F,1982,2275,314,7.25,16482.9
Tamatha,F,1967,314,6,52.33,16432.7
Khadijah,F,1994,1615,159,10.16,16403.9
Aaden,M,2008,958,56,17.11,16388.6
Kizzie,F,1977,286,5,57.2,16359.2
Zion,M,1999,1070,70,15.29,16355.7
Rhiannon,F,1977,491,15,32.73,16072.1
Linda,F,1937,4378,1197,3.66,16012.4
Shaquille,M,1993,1785,199,8.97,16011.2
Tamara,F,1958,3412,728,4.69,15991.4
Pamela,F,1943,4839,1468,3.3,15950.9
Ashton,M,2004,5436,1853,2.93,15947.2
Tracy,F,1960,5768,2109,2.73,15775.2
Kadijah,F,1994,486,15,32.4,15746.4
Lainey,F,2024,5156,1698,3.04,15656.3
Lavar,M,1977,279,5,55.8,15568.2
Audrina,F,2007,413,11,37.55,15506.3
Harold,M,1913,6157,2448,2.52,15485.6
Connor,M,1992,4609,1377,3.35,15426.9
Aaliyah,F,2002,4779,1496,3.19,15266.6
Dillon,M,1992,5062,1682,3.01,15234.2
Jeff,M,1958,5808,2220,2.62,15195.0
Bria,F,1993,1698,190,8.94,15174.8
Isaiah,M,1996,5324,1870,2.85,15157.7
Warren,M,1920,5492,1990,2.76,15156.8
Sheree,F,1954,685,31,22.1,15136.3
Lisha,F,1960,275,5,55.0,15125.0
Madison,F,1985,301,6,50.17,15100.2
Eithan,M,2025,3636,876,4.15,15091.9
Audra,F,1967,1153,90,12.81,14771.2
Elian,M,2000,578,23,25.13,14525.4
Justice,F,1994,719,36,19.97,14360.0
Krystle,F,1981,448,14,32.0,14336.0
Sebastian,M,2000,5029,1768,2.84,14304.8
Ariel,F,1990,3607,911,3.96,14281.5
Tre,M,1992,519,19,27.32,14176.9
Cataleya,F,2012,639,29,22.03,14080.0
Bianca,F,1989,3593,920,3.91,14032.2
Kobe,M,1998,1104,87,12.69,14009.4
Marquita,F,1984,1374,135,10.18,13984.3
Sabrina,F,1977,4305,1327,3.24,13966.1
Jaclyn,F,1978,2129,325,6.55,13946.6
Dalton,M,1991,2357,402,5.86,13819.5
Lori,F,1955,4976,1792,2.78,13817.3
Shelby,F,1990,3517,899,3.91,13758.9
Lara,F,1967,945,65,14.54,13738.8
Harold,M,1912,5102,1909,2.67,13635.6
Gloria,F,1921,2731,547,4.99,13635.0
Kobe,M,1997,350,9,38.89,13611.1
Trinity,F,2001,4481,1481,3.03,13558.0
Brittney,F,1986,4593,1559,2.95,13531.5
Chelsea,F,1983,2708,542,5.0,13530.0
Raymond,M,1913,5310,2088,2.54,13503.9
Lindsay,F,1977,2635,515,5.12,13482.0
Luann,F,1954,1638,202,8.11,13282.4
Audrianna,F,1989,257,5,51.4,13209.8
Aria,F,2013,5118,1983,2.58,13209.2
Alexande,M,1989,301,7,43.0,12943.0
Marian,F,1954,4013,1245,3.22,12935.1
Kiara,F,1990,1690,222,7.61,12865.3
Dillon,M,1991,3634,1027,3.54,12858.8
Richard,M,1913,5107,2030,2.52,12848.0
Bailey,M,1996,1550,188,8.24,12779.3
Sekani,M,2019,252,5,50.4,12700.8
Lainey,F,2023,3941,1229,3.21,12637.5
Jillian,F,1977,1054,88,11.98,12624.0
Judy,F,1938,4992,1987,2.51,12541.6
Delano,M,1933,316,8,39.5,12482.0
Jase,M,2014,3754,1130,3.32,12471.3
Wyatt,M,1995,2826,645,4.38,12381.8
Kelsey,F,1987,4574,1699,2.69,12314.0
Sandra,F,1935,4089,1365,3.0,12249.0
Lori,F,1954,3440,972,3.54,12174.5
Analia,F,2009,997,82,12.16,12122.1
Marcus,M,1970,4315,1538,2.81,12106.1
Wesley,M,1977,4302,1531,2.81,12088.3
Everly,F,2014,1872,290,6.46,12084.1
Kareem,M,1972,378,12,31.5,11907.0
Tammi,F,1958,361,11,32.82,11847.4
Karen,F,1938,4508,1718,2.62,11828.9
Darren,M,1960,2209,417,5.3,11701.9
Tristin,M,1996,630,34,18.53,11673.5
Kiara,F,1999,4024,1389,2.9,11657.7
Aubree,F,2012,4052,1413,2.87,11619.7
Ehlani,F,2021,241,5,48.2,11616.2
Aria,F,2012,3233,904,3.58,11562.3
Kingston,M,2008,1535,204,7.52,11550.1
Renada,F,1980,240,5,48.0,11520.0
Grover,M,1884,802,56,14.32,11485.8
Ermias,M,2020,415,15,27.67,11481.7
Dalton,M,1990,1571,215,7.31,11479.3
Colton,M,1989,1925,324,5.94,11437.1
Kennedy,F,1995,1235,134,9.22,11382.3
Shanice,F,1992,1859,304,6.12,11368.0
Jeff,M,1957,4092,1482,2.76,11298.6
Brittney,F,1985,3224,921,3.5,11285.8
Nayeli,F,2001,1845,302,6.11,11271.6
Dustin,M,1969,758,51,14.86,11266.0
Urijah,M,2008,237,5,47.4,11233.8
Sierra,F,1986,1610,231,6.97,11221.2
Brittany,F,1983,4377,1714,2.55,11177.4
Mindy,F,1979,3712,1235,3.01,11157.0
Ashton,M,2003,4215,1598,2.64,11117.8
Adeline,F,2016,4120,1531,2.69,11087.1
Raymond,M,1912,4374,1737,2.52,11014.3
Triston,M,1996,726,48,15.12,10980.8
Pamela,F,1942,2632,631,4.17,10978.5
Devin,F,1978,418,16,26.12,10920.2
Jeremy,M,1969,2082,397,5.24,10918.7
Gael,M,2012,2745,692,3.97,10888.8
Pam,F,1958,3065,866,3.54,10847.8
Mya,F,1998,1284,152,8.45,10846.4
Telly,M,1974,294,8,36.75,10804.5
Ramona,F,1928,2239,466,4.8,10757.8
Donald,M,1913,3702,1275,2.9,10748.9
Khloe,F,2008,1715,275,6.24,10695.4
Atreus,M,2019,292,8,36.5,10658.0
Tricia,F,1970,3132,924,3.39,10616.3
Richard,M,1912,4188,1654,2.53,10604.2
Santana,F,1985,385,14,27.5,10587.5
Sheena,F,1983,2636,657,4.01,10576.1
Jerilyn,F,1942,325,10,32.5,10562.5
Mia,F,1965,1053,105,10.03,10560.1
Krystal,F,1982,3504,1164,3.01,10548.1
Kimberly,F,1955,3862,1428,2.7,10444.7
Jeremiah,M,1977,4151,1651,2.51,10436.6
Cadence,F,2004,1552,232,6.69,10382.3
Joni,F,1954,917,81,11.32,10381.3
Easton,M,2011,3762,1369,2.75,10337.9
Ella,F,2002,3567,1232,2.9,10327.5
Tammie,F,1957,618,37,16.7,10322.3
Brantley,M,2013,3193,991,3.22,10287.8
Scottie,F,2025,2228,485,4.59,10235.0
Aaden,M,2009,1269,158,8.03,10192.2
Brandi,F,1973,2843,795,3.58,10166.9
Colby,M,2001,3859,1465,2.63,10165.1
Renata,F,1980,720,51,14.12,10164.7
Desiree,F,1955,766,58,13.21,10116.5
Joshua,M,1971,3650,1321,2.76,10085.2
Vanessa,F,1954,2643,695,3.8,10051.0
Madison,F,1986,646,42,15.38,9936.1
Nico,M,1989,315,10,31.5,9922.5
Cathy,F,1947,2859,824,3.47,9919.8
Elizabet,F,1989,445,20,22.25,9901.2
Alaia,F,2020,2282,527,4.33,9881.4
Carl,M,1913,3935,1574,2.5,9837.5
Brett,M,1958,2135,464,4.6,9823.8
Coraima,F,1993,221,5,44.2,9768.2
Tina,F,1955,3275,1099,2.98,9759.4
Alondra,F,1995,1205,149,8.09,9745.1
Noah,M,1995,3824,1504,2.54,9722.7
Michaela,F,1994,3044,960,3.17,9652.0
Trista,F,1984,1215,153,7.94,9648.5
Brandon,M,1971,3263,1107,2.95,9618.0
Tara,F,1969,3520,1291,2.73,9597.5
Darin,M,1965,2614,712,3.67,9596.9
Donald,M,1912,2872,860,3.34,9591.1
Aliyah,F,1994,732,56,13.07,9568.3
Malik,M,1995,2707,766,3.53,9566.4
Tanner,M,1992,3641,1387,2.63,9558.0
Shaun,M,1977,2578,699,3.69,9508.0
Courtney,F,1975,2775,813,3.41,9471.9
Belinda,F,1949,1510,241,6.27,9461.0
Sharon,F,1936,3573,1355,2.64,9421.6
Kingston,M,2007,893,85,10.51,9381.8
Aja,F,1979,362,14,25.86,9360.3
Mcarthur,M,1942,290,9,32.22,9344.4
Aliyah,F,1995,785,66,11.89,9336.7
Hayden,F,2008,2662,761,3.5,9311.8
Litzy,F,2000,722,56,12.89,9308.6
Britney,F,2000,2404,621,3.87,9306.3
Denzel,M,1991,720,56,12.86,9257.1
Nikia,F,1975,272,8,34.0,9248.0
Luann,F,1953,1197,155,7.72,9243.9
Tim,M,1957,3251,1144,2.84,9238.6
Ralph,M,1912,3435,1278,2.69,9232.6
Janis,F,1947,3205,1128,2.84,9106.4
Dakota,M,1991,2739,824,3.32,9104.5
Aiden,M,2002,2832,881,3.21,9103.5
Ruth,F,1892,3290,1195,2.75,9057.8
Willard,M,1915,2889,926,3.12,9013.3
Deja,F,1996,1638,298,5.5,9003.5
Cassidy,F,1995,3042,1028,2.96,9001.7
Jonael,M,2015,232,6,38.67,8970.7
Raven,F,1990,1760,348,5.06,8901.1
Janay,F,1987,596,40,14.9,8880.4
Xander,M,2003,1424,229,6.22,8854.9
Tami,F,1959,2741,850,3.22,8838.9
Sienna,F,2006,1988,453,4.39,8724.4
Gary,M,1934,3354,1295,2.59,8686.7
Raven,F,1991,2026,476,4.26,8623.3
Bently,M,2010,359,15,23.93,8592.1
Nicole,F,1967,2776,898,3.09,8581.5
Rita,F,1915,3063,1096,2.79,8560.2
Angelina,F,2001,3368,1327,2.54,8548.2
Lauren,F,1945,381,17,22.41,8538.9
Brandon,M,1970,2544,759,3.35,8526.9
Everleigh,F,2019,2620,807,3.25,8506.1
Axel,M,2001,1274,192,6.64,8453.5
Truce,M,2025,331,13,25.46,8427.8
Debra,F,1949,2392,679,3.52,8426.6
Kassandra,F,1993,2731,889,3.07,8389.6
Bianca,F,1988,2637,831,3.17,8368.0
Zaria,F,1996,289,10,28.9,8352.1
Jolette,F,2005,258,8,32.25,8320.5
Shanice,F,1988,938,106,8.85,8300.4
Gina,F,1955,1840,410,4.49,8257.6
Darrin,M,1966,2569,801,3.21,8239.4
Bethzy,F,2006,301,11,27.36,8236.5
Carly,F,1973,240,7,34.29,8228.6
Tamatha,F,1966,222,6,37.0,8214.0
Kenneth,M,1913,3065,1148,2.67,8183.1
Allisson,F,2009,487,29,16.79,8178.2
Erica,F,1970,2789,956,2.92,8136.5
Pam,F,1957,1959,473,4.14,8113.5
Infant,F,1989,392,19,20.63,8087.6
Tenley,F,2011,736,67,10.99,8085.0
Lizbeth,F,2002,2569,817,3.14,8078.0
Deneen,F,1965,421,22,19.14,8056.4
Nikita,F,1986,1034,133,7.77,8038.8
Esmeralda,F,1998,2477,768,3.23,7989.0
Mila,F,2012,2642,881,3.0,7923.0
Cheyenne,F,1991,1718,373,4.61,7912.9
Sandra,F,1934,2550,822,3.1,7910.6
Bailey,M,1995,1010,129,7.83,7907.8
Rihanna,F,2007,789,79,9.99,7880.0
Scottie,F,2024,1519,293,5.18,7875.0
Sabrina,F,1967,2628,879,2.99,7857.1
Gage,M,1990,667,57,11.7,7805.1
Mikayla,F,1994,1793,413,4.34,7784.1
Xena,F,1996,279,10,27.9,7784.1
Akeelah,F,2007,249,8,31.12,7750.1
Samantha,F,1966,1793,415,4.32,7746.6
Joni,F,1953,757,74,10.23,7743.9
Gael,M,2013,2307,692,3.33,7691.1
Yesenia,F,1987,2003,522,3.84,7685.8
Zina,F,1963,679,60,11.32,7684.0
Jaden,M,2000,2520,827,3.05,7678.8
Yesenia,F,1972,471,29,16.24,7649.7
Summer,F,1977,2447,784,3.12,7637.5
Audriana,F,1989,214,6,35.67,7632.7
Brett,M,1959,2226,653,3.41,7588.2
Greg,M,1957,2972,1166,2.55,7575.3
Kylie,F,1989,1927,492,3.92,7547.4
Tenley,F,2010,672,60,11.2,7526.4
Marilyn,F,1923,2286,696,3.28,7508.3
Paris,F,2004,2150,617,3.48,7491.9
Paulette,F,1943,1440,277,5.2,7485.9
Camryn,F,1998,782,82,9.54,7457.6
Ciji,F,1983,244,8,30.5,7442.0
Amarion,M,2003,404,22,18.36,7418.9
Ayden,M,2003,1830,452,4.05,7409.1
Chad,M,1967,2946,1172,2.51,7405.2
Cassidy,F,1994,2306,725,3.18,7334.7
Ramona,F,1929,2036,566,3.6,7323.8
Kenneth,M,1912,2538,880,2.88,7319.8
Dayami,F,2008,392,21,18.67,7317.3
Jordan,F,1986,2083,594,3.51,7304.5
Kecia,F,1965,560,43,13.02,7293.0
Contina,F,1972,209,6,34.83,7280.2
Marely,F,2007,391,21,18.62,7280.0
Marley,F,2008,2359,766,3.08,7264.9
Rhonda,F,1950,2567,908,2.83,7257.1
Julissa,F,1997,1355,254,5.33,7228.4
Heath,M,1967,516,37,13.95,7196.1
Jeannine,F,1928,424,25,16.96,7191.0
Brantley,M,2011,991,137,7.23,7168.5
Cory,M,1969,1783,444,4.02,7160.1
Lauryn,F,1999,1883,498,3.78,7119.9
Lara,F,1968,1295,236,5.49,7106.0
Brandy,F,1972,2081,610,3.41,7099.3
Nadia,F,1977,790,88,8.98,7092.0
Kylo,M,2016,238,8,29.75,7080.5
Deja,F,1995,1420,285,4.98,7075.1
Cierra,F,1986,688,67,10.27,7064.8
Coretta,F,1968,336,16,21.0,7056.0
Morgan,F,1981,1768,443,3.99,7056.0
Devante,M,1993,961,131,7.34,7049.8
Franklin,M,1932,2754,1078,2.55,7035.7
Jillian,F,1978,1339,255,5.25,7031.1
Charmaine,F,1928,265,10,26.5,7022.5
Wendy,F,1949,2612,974,2.68,7004.7
Kylene,F,1979,205,6,34.17,7004.2
Kadijah,F,1993,313,14,22.36,6997.8
Kim,M,1952,2356,795,2.96,6982.1
Sonja,F,1938,1117,180,6.21,6931.6
Latifah,F,1990,300,13,23.08,6923.1
Tami,F,1957,850,105,8.1,6881.0
Andon,M,2004,203,6,33.83,6868.2
Arielle,F,1989,1530,341,4.49,6864.8
Raylan,M,2011,331,16,20.69,6847.6
Sierra,F,1985,1198,210,5.7,6834.3
Matteo,M,2016,2387,836,2.86,6815.5
Tea,F,1997,261,10,26.1,6812.1
Marnita,F,1962,202,6,33.67,6800.7
Chandler,M,1996,2187,704,3.11,6794.0
Stanley,M,1913,2595,997,2.6,6754.3
Shelley,F,1950,1670,413,4.04,6752.8
Nira,F,1933,201,6,33.5,6733.5
Kirby,F,1983,232,8,29.0,6728.0
Kelly,F,1957,1903,539,3.53,6718.8
Courtney,F,1974,2336,813,2.87,6712.0
Maci,F,2011,1737,451,3.85,6690.0
Sabrina,F,1956,956,137,6.98,6671.1
Aranza,F,2014,476,34,14.0,6664.0
Everly,F,2015,2331,817,2.85,6650.6
Erik,M,1965,2117,674,3.14,6649.4
Skylar,F,1999,2513,953,2.64,6626.6
Aria,F,2011,1983,596,3.33,6597.8
Davonte,M,1992,414,26,15.92,6592.2
Dereon,M,2007,214,7,30.57,6542.3
Vonda,F,1965,1093,183,5.97,6528.1
Nichelle,F,1967,361,20,18.05,6516.1
Darian,F,1993,523,42,12.45,6512.6
Keira,F,2004,1244,238,5.23,6502.3
Kadence,F,2004,797,98,8.13,6481.7
Joshua,M,1970,2175,731,2.98,6471.4
Connor,M,1991,2462,937,2.63,6469.0
June,F,1915,2139,710,3.01,6444.1
Mikalah,F,2005,321,16,20.06,6440.1
Savannah,F,1984,871,118,7.38,6429.2
Iker,M,2012,1545,372,4.15,6416.7
Pamela,F,1941,1468,337,4.36,6394.7
Kayleigh,F,1985,211,7,30.14,6360.1
Rita,F,1914,2010,636,3.16,6352.4
Lizbeth,F,2003,2275,817,2.78,6334.9
Francis,M,1912,2516,1000,2.52,6330.3
Lacey,F,1982,2382,897,2.66,6325.4
Leland,M,2006,903,129,7.0,6321.0
Merrily,F,1942,210,7,30.0,6300.0
Madisson,F,2025,958,146,6.56,6286.1
Anthony,M,1912,2480,980,2.53,6275.9
Janney,F,2013,224,8,28.0,6272.0
Justice,F,1995,1046,175,5.98,6252.1
Brandi,F,1972,2055,676,3.04,6247.1
Cassie,F,1982,2193,772,2.84,6229.6
Martika,F,1990,273,12,22.75,6210.8
Yahir,M,2002,334,18,18.56,6197.6
Bristol,F,2009,438,31,14.13,6188.5
Belinda,F,1950,1634,432,3.78,6180.5
Tevin,M,1992,1936,607,3.19,6174.8
Taraji,F,2010,423,29,14.59,6170.0
Colt,M,1983,351,20,17.55,6160.1
Sharon,F,1935,2426,961,2.52,6124.3
King,M,2013,2110,730,2.89,6098.8
Tristen,M,1995,618,63,9.81,6062.3
Lavar,M,1978,174,5,34.8,6055.2
Payton,F,1993,522,45,11.6,6055.2
Lori,F,1953,1792,531,3.37,6047.6
Elmer,M,1913,2323,894,2.6,6036.2
Mallory,F,1985,2039,689,2.96,6034.1
Djuana,F,1964,190,6,31.67,6016.7
Caylee,F,2009,1247,259,4.81,6003.9
Gail,F,1935,1800,541,3.33,5988.9
Tamia,F,1996,483,39,12.38,5981.8
Ciara,F,2005,2325,904,2.57,5979.7
Aisha,F,1977,1540,397,3.88,5973.8
Chandler,F,1993,733,90,8.14,5969.9
Jeffrey,M,1941,1502,378,3.97,5968.3
Cicely,F,1974,256,11,23.27,5957.8
Shanice,F,1993,1345,304,4.42,5950.7
Eliana,F,1986,481,39,12.33,5932.3
Chastity,F,1973,544,50,10.88,5918.7
Lyric,F,1995,344,20,17.2,5916.8
Colt,M,1982,344,20,17.2,5916.8
Jalissa,F,1988,172,5,34.4,5916.8
Klarity,F,2025,344,20,17.2,5916.8
Matteo,M,2015,2171,798,2.72,5906.3
Jaden,M,1999,1690,484,3.49,5901.0
Kylie,F,1978,509,44,11.57,5888.2
Jamaal,M,1976,230,9,25.56,5877.8
Erin,F,1957,1014,175,5.79,5875.4
Brianne,F,1980,1088,202,5.39,5860.1
Kim,F,1952,1292,285,4.53,5857.1
Tori,F,1993,2059,729,2.82,5815.5
Velvet,F,1961,332,19,17.47,5801.3
Urijah,M,2009,403,28,14.39,5800.3
Tabitha,F,1967,444,34,13.06,5798.1
Janis,F,1946,2053,729,2.82,5781.6
Rhonda,F,1949,1867,603,3.1,5780.6
Tamika,F,1975,2159,808,2.67,5768.9
Tennille,F,1976,769,103,7.47,5741.4
Tammie,F,1959,1881,618,3.04,5725.2
Maddox,M,2003,378,25,15.12,5715.4
Jazlene,F,2007,169,5,33.8,5712.2
Nina,F,1980,1889,625,3.02,5709.3
Hunter,F,1993,471,39,12.08,5688.2
Colton,M,1990,2235,879,2.54,5682.8
Peyton,F,1993,617,67,9.21,5681.9
Hunter,F,1994,822,119,6.91,5678.0
Bria,F,1992,801,113,7.09,5677.9
Marlo,F,1967,353,22,16.05,5664.0
Jonah,M,1994,1179,246,4.79,5650.6
Herbert,M,1912,2236,886,2.52,5643.0
Elvis,M,1957,605,65,9.31,5631.2
Delilah,F,2008,1741,539,3.23,5623.5
Marley,F,2009,2171,839,2.59,5617.7
Kaeli,F,2023,430,33,13.03,5603.0
Yulisa,F,1997,198,7,28.29,5600.6
Daleyza,F,2013,485,42,11.55,5600.6
Calista,F,1999,490,43,11.4,5583.7
Nichole,F,1970,1042,195,5.34,5568.0
Chad,M,1966,2201,875,2.52,5536.5
Marilyn,F,1922,1698,522,3.25,5523.4
Lindy,M,1927,235,10,23.5,5522.5
Ayden,M,2004,2183,863,2.53,5522.0
Maddox,M,2004,728,96,7.58,5520.7
Lincoln,M,2007,1655,502,3.3,5456.2
Chelsea,F,1982,1715,540,3.18,5446.7
Makayla,F,1994,1503,415,3.62,5443.4
Troy,M,1960,2056,777,2.65,5440.3
Denise,F,1946,1585,462,3.43,5437.7
Carole,F,1933,2149,850,2.53,5433.2
Sasha,F,1987,1802,598,3.01,5430.1
Yaritza,F,1993,510,48,10.62,5418.8
Royalty,F,2016,584,63,9.27,5413.6
Addyson,F,2007,1383,354,3.91,5403.1
Amaya,F,1999,704,92,7.65,5387.1
Kyrie,F,1986,164,5,32.8,5379.2
Adaline,F,2015,904,152,5.95,5376.4
Zina,F,1964,793,117,6.78,5374.8
Cameron,F,1998,1565,457,3.42,5359.4
Katelyn,F,1986,1939,702,2.76,5355.7
Stanley,M,1912,2017,761,2.65,5346.0
Jayden,M,2000,1821,621,2.93,5339.8
Corey,M,1968,1577,466,3.38,5336.8
Michele,F,1943,958,172,5.57,5335.8
Vanessa,F,1952,695,91,7.64,5308.0
Kim,F,1953,1739,570,3.05,5305.5
Chasity,F,1973,392,29,13.52,5298.8
Jeffrey,M,1942,2055,799,2.57,5285.4
Lindsey,F,1977,1381,361,3.83,5283.0
Alaia,F,2019,1604,487,3.29,5283.0
Raven,F,1977,299,17,17.59,5258.9
Aiden,M,2001,1587,479,3.31,5258.0
Patrice,F,1951,952,173,5.5,5238.8
Chandler,M,1995,1856,661,2.81,5211.4
Jakob,M,1998,1784,611,2.92,5208.9
Michele,F,1942,728,102,7.14,5195.9
Coraline,F,2010,239,11,21.73,5192.8
Tanisha,F,1971,374,27,13.85,5180.6
Laci,F,2003,686,91,7.54,5171.4
Taja,F,1988,259,13,19.92,5160.1
Kylie,F,1979,491,47,10.45,5129.4
Ally,F,1998,636,79,8.05,5120.2
Tamara,F,1957,1846,670,2.76,5086.1
Lori,F,1952,972,186,5.23,5079.5
Nyah,F,2001,547,59,9.27,5071.3
Jasai,M,2025,719,102,7.05,5068.2
Lyla,F,2008,1508,449,3.36,5064.7
Jarod,M,1998,1045,216,4.84,5055.7
Chelsea,F,1969,201,8,25.12,5050.1
Gael,M,2002,246,12,20.5,5043.0
Shaniqua,F,1990,842,141,5.97,5028.1
Karen,F,1936,1718,588,2.92,5019.6
Trinity,F,1999,1481,437,3.39,5019.1
Isla,F,2009,945,178,5.31,5017.0
Trisha,F,1964,791,125,6.33,5005.4
Tamia,F,1997,579,67,8.64,5003.6
Chase,M,1982,938,176,5.33,4999.1
Amya,F,2000,458,42,10.9,4994.4
Cadence,F,2003,620,77,8.05,4992.2
Keira,F,2005,1468,433,3.39,4977.0
Harper,F,2009,1904,729,2.61,4972.9
Shanna,F,1978,1845,690,2.67,4933.4
Rhiannon,F,1976,272,15,18.13,4932.3
Russell,M,1913,1946,770,2.53,4918.1
Jeremiah,M,1974,1294,341,3.79,4910.4
Shania,F,1995,576,68,8.47,4879.1
Greg,M,1947,1316,355,3.71,4878.5
Tabitha,F,1966,327,22,14.86,4860.4
Mila,F,2011,1798,667,2.7,4846.8
Lisa,F,1951,1698,596,2.85,4837.6
Aitana,F,2016,565,66,8.56,4836.7
Doug,M,1958,1393,404,3.45,4803.1
Ailani,F,2025,1807,680,2.66,4801.8
Darin,M,1960,325,22,14.77,4801.1
Jalisa,F,1989,592,73,8.11,4800.9
Makayla,F,1995,1911,762,2.51,4792.5
Tiffany,F,1967,1643,565,2.91,4777.8
Jordin,F,2007,512,55,9.31,4766.3
Edwin,M,1913,1825,699,2.61,4764.8
Sandy,F,1957,1891,751,2.52,4761.5
Cristian,M,1993,1786,670,2.67,4760.9
Kennedy,F,1994,473,47,10.06,4760.2
Katelyn,F,1985,1419,424,3.35,4749.0
Nichelle,F,1968,395,33,11.97,4728.0
Shelley,F,1949,1017,219,4.64,4722.8
Jalen,M,1994,1698,612,2.77,4711.1
Vincent,M,1913,1527,496,3.08,4701.1
Devon,F,1978,760,123,6.18,4695.9
Johnna,F,1961,489,51,9.59,4688.6
Kizzie,F,1978,153,5,30.6,4681.8
Sable,F,1986,181,7,25.86,4680.1
Cade,M,1999,1498,480,3.12,4675.0
Lou,F,1953,1434,440,3.26,4673.5
Grover,M,1885,768,127,6.05,4644.3
Denzel,M,1990,496,53,9.36,4641.8
Brissia,F,2007,215,10,21.5,4622.5
Whitley,F,1989,480,50,9.6,4608.0
Devonte,M,1993,1093,260,4.2,4594.8
Shelba,F,1936,166,6,27.67,4592.7
Lester,M,1913,1736,657,2.64,4587.1
Savon,M,1993,179,7,25.57,4577.3
Unknown,M,1989,262,15,17.47,4576.3
Liam,M,1996,1748,668,2.62,4574.1
Lane,M,1995,1168,299,3.91,4562.6
Denise,F,1947,1699,633,2.68,4560.2
Infant,M,1990,596,78,7.64,4554.1
Stacy,M,1967,1658,604,2.75,4551.3
Jordin,F,2008,500,55,9.09,4545.5
Kobe,M,2020,1518,507,2.99,4545.0
Quinn,F,2011,1692,630,2.69,4544.2
Melvin,M,1913,1642,594,2.76,4539.0
Mackenzie,F,1976,165,6,27.5,4537.5
Zana,F,1994,252,14,18.0,4536.0
Wendell,M,1940,1625,583,2.79,4529.4
Savon,M,1994,178,7,25.43,4526.3
Gracie,F,2000,1312,382,3.43,4506.1
Frederick,M,1912,1564,543,2.88,4504.8
Sharyn,F,1945,768,131,5.86,4502.5
Cadence,F,2005,1670,620,2.69,4498.2
Lana,F,1940,424,40,10.6,4494.4
Mercedes,F,1990,1654,609,2.72,4492.1
Jaime,F,1975,914,186,4.91,4491.4
Lana,F,1941,625,87,7.18,4489.9
Kyan,M,2004,379,32,11.84,4488.8
Nichole,F,1969,815,148,5.51,4488.0
Collins,F,2011,177,7,25.29,4475.6
Tasia,F,1985,341,26,13.12,4472.3
Peter,M,1912,1679,631,2.66,4467.6
Quentin,M,1919,567,72,7.88,4465.1
Ashton,F,1987,758,129,5.88,4454.0
Daleyza,F,2014,1469,485,3.03,4449.4
Justin,M,1969,1664,623,2.67,4444.5
Jaleesa,F,1988,718,116,6.19,4444.2
Stacy,M,1968,1736,679,2.56,4438.4
Halley,F,1986,333,25,13.32,4435.6
Everleigh,F,2018,1559,548,2.84,4435.2
Trista,F,1983,823,153,5.38,4427.0
Brad,M,1953,1650,615,2.68,4426.8
Maximus,M,2002,912,188,4.85,4424.2
Norman,M,1913,1748,691,2.53,4421.9
Nikki,F,1972,1704,657,2.59,4419.5
Nikia,F,1974,188,8,23.5,4418.0
Chrissy,F,1978,560,71,7.89,4416.9
Evita,F,1981,210,10,21.0,4410.0
Infant,F,1990,582,77,7.56,4399.0
Jennifer,F,1946,1733,684,2.53,4390.8
Marisa,F,1977,1608,589,2.73,4389.9
Josette,F,1968,504,58,8.69,4379.6
Maci,F,2010,1356,420,3.23,4377.9
Keyshawn,M,1996,187,8,23.38,4371.1
Wrenley,F,2023,1659,630,2.63,4368.7
Bentlee,M,2011,368,31,11.87,4368.5
Morgan,F,1980,1061,258,4.11,4363.3
Khalil,M,1995,1118,287,3.9,4355.1
Quentin,M,1918,480,53,9.06,4347.2
Dakota,M,1990,1551,554,2.8,4342.2
Kairo,M,2019,1109,285,3.89,4315.4
Jaimie,F,1976,464,50,9.28,4305.9
Edwin,M,1912,1518,536,2.83,4299.1
Braylon,M,2005,818,156,5.24,4289.3
Aitana,F,2015,300,21,14.29,4285.7
Danica,F,2006,935,204,4.58,4285.4
Adam,M,1961,1579,582,2.71,4283.9
Aylani,F,2025,1043,254,4.11,4282.9
Atreus,M,2018,160,6,26.67,4266.7
Kennedy,F,1996,1418,473,3.0,4251.0
Aziel,M,2021,978,225,4.35,4251.0
Britney,F,1986,1404,464,3.03,4248.3
Cohen,M,2005,618,90,6.87,4243.6
Jaqueline,F,2000,1200,340,3.53,4235.3
Mandi,F,1975,670,106,6.32,4234.9
Kadence,F,2003,276,18,15.33,4232.0
Erin,F,1958,1136,305,3.72,4231.1
Joelle,F,1966,406,39,10.41,4226.6
Eithan,M,2024,1599,605,2.64,4226.1
Wrenley,F,2022,1119,297,3.77,4216.0
Baylee,F,1996,853,173,4.93,4205.8
Kimberly,F,1953,1428,486,2.94,4195.9
Kamryn,F,1999,902,194,4.65,4193.8
Jonah,M,1995,1371,449,3.05,4186.3
Kiel,M,1982,194,9,21.56,4181.8
Jermaine,M,1970,171,7,24.43,4177.3
Gael,M,2003,443,47,9.43,4175.5
Zion,M,2000,1004,242,4.15,4165.4
Iridian,F,1995,214,11,19.45,4163.3
Kalene,F,1993,204,10,20.4,4161.6
Paulette,F,1942,963,223,4.32,4158.6
Infant,M,1989,376,34,11.06,4158.1
Rihanna,F,2006,572,79,7.24,4141.6
Cole,M,1983,1112,299,3.72,4135.6
Nova,F,2015,1529,567,2.7,4123.2
Sandra,F,1933,1365,453,3.01,4113.1
Bristol,F,2010,517,65,7.95,4112.1
Buffy,F,1967,157,6,26.17,4108.2
Lyric,F,1996,425,44,9.66,4105.1
Tamra,F,1958,587,84,6.99,4102.0
Angelique,F,1968,763,142,5.37,4099.8
Payton,F,1992,307,23,13.35,4097.8
Akeem,M,1983,192,9,21.33,4096.0
Savannah,F,1983,434,46,9.43,4094.7
Jeffrey,M,1940,799,156,5.12,4092.3
Chance,M,1984,879,189,4.65,4088.0
Ayla,F,2006,1233,372,3.31,4086.8
Cicely,F,1973,212,11,19.27,4085.8
Carole,F,1932,1317,425,3.1,4081.2
Giselle,F,1998,1255,386,3.25,4080.4
Ava,F,1999,1215,362,3.36,4078.0
Mindy,F,1951,306,23,13.3,4071.1
Deanne,F,1937,230,13,17.69,4069.2
Caden,M,2000,1406,486,2.89,4067.6
Timmy,M,1959,1570,606,2.59,4067.5
Tamela,F,1958,331,27,12.26,4057.8
Vincent,M,1912,1178,343,3.43,4045.7
Ryder,M,2005,1110,305,3.64,4039.7
Harding,M,1920,229,13,17.62,4033.9
Daphne,F,1962,1131,318,3.56,4022.5
Savannah,F,1985,1321,434,3.04,4020.8
Daleyza,F,2015,1396,485,2.88,4018.2
Calista,F,1998,323,26,12.42,4012.7
Mackenzie,F,1977,237,14,16.93,4012.1
Brianda,F,1990,155,6,25.83,4004.2
Alesia,F,1960,352,31,11.35,3996.9
Shaniqua,F,1991,861,186,4.63,3985.6
Diane,F,1929,796,159,5.01,3985.0
Nadia,F,1976,585,86,6.8,3979.4
Xander,M,2004,1274,408,3.12,3978.1
Truce,M,2024,227,13,17.46,3963.8
Kinley,F,2010,1352,462,2.93,3956.5
Darren,M,1958,417,44,9.48,3952.0
Taryn,F,1975,453,52,8.71,3946.3
Sade,F,1986,1245,393,3.17,3944.1
Dustin,M,1968,448,51,8.78,3935.4
Janay,F,1988,430,47,9.15,3934.0
Lou,F,1954,1495,569,2.63,3928.0
Alec,M,1991,1539,603,2.55,3927.9
Lloyd,M,1913,1521,590,2.58,3921.1
Jayden,M,1999,1231,387,3.18,3915.7
Kathy,F,1942,1537,604,2.54,3911.2
Gail,F,1934,1176,354,3.32,3906.7
Camisha,F,1972,165,7,23.57,3889.3
Bart,M,1959,1022,269,3.8,3882.8
Kataleya,F,2012,197,10,19.7,3880.9
Cindy,F,1947,1133,332,3.41,3866.5
Maddox,M,2005,1207,378,3.19,3854.1
Gage,M,1991,809,171,4.73,3827.4
Jada,F,1995,1153,348,3.31,3820.1
Chester,M,1912,1460,561,2.6,3799.6
Laci,F,2004,588,91,6.46,3799.4
Kira,F,1982,891,209,4.26,3798.5
Jolene,F,1974,1053,293,3.59,3784.3
Kellen,M,1982,408,44,9.27,3783.3
Elvis,M,1956,417,46,9.07,3780.2
Mareli,F,2007,150,6,25.0,3750.0
Jaycion,M,2013,150,6,25.0,3750.0
Lester,M,1912,1443,556,2.6,3745.1
Lauren,F,1946,415,46,9.02,3744.0
Meilani,F,2015,287,22,13.05,3744.0
Chloe,F,1990,1371,506,2.71,3714.7
Mavie,F,2024,236,15,15.73,3713.1
Milan,M,2014,753,153,4.92,3705.9
Endrick,M,2024,161,7,23.0,3703.0
Bernard,M,1912,1437,560,2.57,3687.4
Tamie,F,1958,192,10,19.2,3686.4
Dustin,M,1970,1285,448,2.87,3685.8
Jaheem,M,2002,182,9,20.22,3680.4
Philip,M,1912,1237,418,2.96,3660.7
Summer,F,1976,1072,314,3.41,3659.8
Milton,M,1912,1319,476,2.77,3655.0
Liam,M,1995,1206,400,3.02,3636.1
Gracie,F,1999,894,221,4.05,3616.5
Glenn,M,1913,1122,349,3.21,3607.1
Knox,M,2010,579,93,6.23,3604.7
Alaia,F,2016,487,66,7.38,3593.5
Hayden,M,1991,926,239,3.87,3587.8
Cierra,F,1985,456,58,7.86,3585.1
Landen,M,2003,980,268,3.66,3583.6
Elaine,F,1915,1212,411,2.95,3574.1
Martika,F,1989,207,12,17.25,3570.8
Davante,M,1992,169,8,21.12,3570.1
Conner,M,1993,1292,468,2.76,3566.8
Dangelo,M,1996,604,103,5.86,3541.9
Rubi,F,2005,716,145,4.94,3535.6
Jeanine,F,1929,197,11,17.91,3528.1
Emerson,F,2006,1069,324,3.3,3527.0
Roxanne,F,1951,1080,331,3.26,3523.9
Phylicia,F,1986,214,13,16.46,3522.8
Sonya,F,1960,1274,461,2.76,3520.8
Jimena,F,2002,499,71,7.03,3507.1
Leighton,F,2009,431,53,8.13,3504.9
Killian,M,2016,1382,545,2.54,3504.4
Doug,M,1957,882,222,3.97,3504.2
Unknown,F,1989,251,18,13.94,3500.1
Felicity,F,1999,717,147,4.88,3497.2
Mylee,F,2007,542,84,6.45,3497.2
Dominique,F,1984,1254,450,2.79,3494.5
Nayeli,F,2002,1208,418,2.89,3491.1
Sanaa,F,2001,213,13,16.38,3489.9
Mercedes,F,1989,1220,427,2.86,3485.7
Tierra,F,1981,344,34,10.12,3480.5
Kaleigh,F,1986,288,24,12.0,3456.0
Greg,M,1946,806,188,4.29,3455.5
Thea,F,2016,1121,364,3.08,3452.3
Hoover,M,1928,256,19,13.47,3449.3
Chelsey,F,1983,535,83,6.45,3448.5
Jailene,F,1996,203,12,16.92,3434.1
Oaklyn,F,2017,434,55,7.89,3424.7
Shelbi,F,1991,513,77,6.66,3417.8
Iker,M,2011,773,175,4.42,3414.5
Meredith,F,1970,1352,536,2.52,3410.3
Emmett,M,2010,1278,479,2.67,3409.8
Sonja,F,1937,560,92,6.09,3408.7
Brisa,F,2000,563,93,6.05,3408.3
Eris,F,1923,226,15,15.07,3405.1
Kaneesha,F,1990,175,9,19.44,3402.8
Alannah,F,1990,202,12,16.83,3400.3
Taraji,F,2009,314,29,10.83,3399.9
Jolene,F,1975,998,293,3.41,3399.3
Timmy,M,1958,1177,408,2.88,3395.4
Tinley,F,2011,273,22,12.41,3387.7
Fatima,F,2000,1316,512,2.57,3382.5
Tori,F,1992,1332,526,2.53,3373.0
Wilson,M,1913,659,129,5.11,3366.5
Alexus,F,1994,1111,367,3.03,3363.3
Amarion,M,2002,246,18,13.67,3362.0
Meredith,F,1969,1092,355,3.08,3359.1
Arya,F,2013,1139,387,2.94,3352.3
Alaia,F,2015,429,55,7.8,3346.2
Odalys,F,1996,322,31,10.39,3344.6
Zander,M,2003,957,274,3.49,3342.5
Violet,F,2006,1268,482,2.63,3335.7
Natasha,F,1971,1303,510,2.55,3329.0
Kellen,M,1981,191,11,17.36,3316.5
Alize,F,1996,282,24,11.75,3313.5
Tiffany,F,1966,1208,442,2.73,3301.5
Shane,M,1954,354,38,9.32,3297.8
Ashanti,F,2003,962,281,3.42,3293.4
Tamiko,F,1968,309,29,10.66,3292.4
Ron,M,1957,1282,501,2.56,3280.5
Reese,F,2003,996,303,3.29,3274.0
Colton,M,1988,879,236,3.72,3273.9
Kaydence,F,2005,875,234,3.74,3271.9
Santana,F,1984,214,14,15.29,3271.1
Raquel,F,1968,939,270,3.48,3265.6
Candace,F,1946,1001,307,3.26,3263.8
Ainsley,F,2002,636,124,5.13,3262.1
Lindsey,F,1976,873,234,3.73,3257.0
Maliyah,F,2009,1117,384,2.91,3249.2
Benson,M,2025,1214,454,2.67,3246.2
Kaitlyn,F,1986,1207,449,2.69,3244.7
Gannon,M,2014,751,174,4.32,3241.4
Alexa,F,1987,821,208,3.95,3240.6
Killian,M,2015,976,294,3.32,3240.1
Azeneth,F,2003,161,8,20.12,3240.1
Harlow,F,2009,301,28,10.75,3235.8
Sekani,M,2020,197,12,16.42,3234.1
Adhara,F,2024,658,134,4.91,3231.1
Liberty,F,1918,150,7,21.43,3214.3
Jaret,M,1998,354,39,9.08,3213.2
Maximus,M,2000,188,11,17.09,3213.1
Alita,F,2019,170,9,18.89,3211.1
Isabella,F,1994,1277,508,2.51,3210.1
Baylee,F,1995,696,151,4.61,3208.1
India,F,1985,754,178,4.24,3193.9
Elian,M,2001,271,23,11.78,3193.1
Tre,M,1993,586,108,5.43,3179.6
Bently,M,2011,436,60,7.27,3168.3
Mandi,F,1976,634,127,4.99,3165.0
Conner,M,1992,912,263,3.47,3162.5
Thalia,F,1993,700,155,4.52,3161.3
Ken,M,1957,1178,439,2.68,3161.0
Dutton,M,2022,292,27,10.81,3157.9
Desiree,F,1956,556,98,5.67,3154.4
Roselyn,F,2004,449,64,7.02,3150.0
Halle,F,1993,286,26,11.0,3146.0
Colsen,M,2025,523,87,6.01,3144.0
Kirk,M,1950,1030,338,3.05,3138.8
Oaklynn,F,2018,574,105,5.47,3137.9
Marvin,M,1913,1236,488,2.53,3130.5
Vernon,M,1913,1143,418,2.73,3125.5
Ciera,F,1986,447,64,6.98,3122.0
Summer,F,1975,784,197,3.98,3120.1
Tamera,F,1958,450,65,6.92,3115.4
Diane,F,1928,616,122,5.05,3110.3
Loni,F,1980,325,34,9.56,3106.6
Lu,F,1954,394,50,7.88,3104.7
Latoya,F,1974,958,296,3.24,3100.6
Zander,M,2004,1141,420,2.72,3099.7
Tammi,F,1957,176,10,17.6,3097.6
Trevor,M,1966,663,142,4.67,3095.6
Luciana,F,1975,289,27,10.7,3093.4
Sophia,F,1981,1235,494,2.5,3087.5
Jase,M,2012,1130,414,2.73,3084.3
Caden,M,1999,1002,326,3.07,3079.8
Sommer,F,1977,464,70,6.63,3075.7
Tanisha,F,1972,629,129,4.88,3067.0
Major,M,2013,854,238,3.59,3064.4
Arnold,M,1913,1032,348,2.97,3060.4
Olivia,F,1975,1049,360,2.91,3056.7
Cash,M,2007,969,308,3.15,3048.6
Alexus,F,1991,199,13,15.31,3046.2
Debra,F,1948,1125,417,2.7,3035.1
Trevor,M,1967,800,211,3.79,3033.2
Maleni,F,2019,174,10,17.4,3027.6
Channing,F,1987,330,36,9.17,3025.0
Raquel,F,1969,1208,483,2.5,3021.3
Adrianna,F,1989,954,302,3.16,3013.6
Kadence,F,2005,911,276,3.3,3007.0
Theda,F,1916,315,33,9.55,3006.8
Marissa,F,1977,1069,381,2.81,2999.4
Sheena,F,1981,657,144,4.56,2997.6
Hayden,M,1990,611,125,4.89,2986.6
Kasai,M,2025,437,64,6.83,2983.9
Ainsley,F,2001,578,112,5.16,2982.9
Analeia,F,2024,289,28,10.32,2982.9
Julissa,F,1998,889,265,3.35,2982.3
Rita,F,1913,1096,403,2.72,2980.7
Aziel,M,2020,593,118,5.03,2980.1
Lincoln,M,2006,1109,413,2.69,2977.9
Kanye,M,2004,509,87,5.85,2977.9
Shaquille,M,1992,523,92,5.68,2973.1
Shelbie,F,1991,403,55,7.33,2952.9
Akari,M,2025,554,104,5.33,2951.1
Lisa,F,1950,1175,468,2.51,2950.1
Glenda,F,1934,921,288,3.2,2945.3
Kaydence,F,2004,830,234,3.55,2944.0
Marlo,F,1968,545,101,5.4,2940.8
Mikaela,F,1994,862,253,3.41,2936.9
Stacy,F,1958,1157,456,2.54,2935.6
Jarod,M,1997,738,186,3.97,2928.2
Eziah,M,2025,465,74,6.28,2922.0
Everly,F,2013,817,229,3.57,2914.8
Mckenna,F,1995,1066,390,2.73,2913.7
Crew,M,2019,995,340,2.93,2911.8
Milania,F,2011,328,37,8.86,2907.7
Tyrese,M,1998,300,31,9.68,2903.2
Breanne,F,1979,357,44,8.11,2896.6
Sherlyn,F,2004,487,82,5.94,2892.3
Candice,F,1947,540,101,5.35,2887.1
Triston,M,1995,372,48,7.75,2883.0
Vonetta,F,1973,161,9,17.89,2880.1
Jennifer,F,1945,985,337,2.92,2879.0
Mariah,F,1990,1103,423,2.61,2876.1
Bernadette,F,1944,1035,373,2.77,2871.9
Gerald,M,1912,929,301,3.09,2867.2
Kylian,M,2023,950,315,3.02,2865.1
Martin,M,1912,1064,396,2.69,2858.8
Taryn,F,1985,1135,451,2.52,2856.4
Kellan,M,2010,807,228,3.54,2856.4
Leland,M,2007,1029,371,2.77,2854.0
Aidan,M,1995,973,332,2.93,2851.6
Dariana,F,2000,267,25,10.68,2851.6
Sidney,M,1912,1003,353,2.84,2849.9
Kyaire,M,2025,878,272,3.23,2834.1
Addyson,F,2006,874,270,3.24,2829.2
Wilbur,M,1913,1044,386,2.7,2823.7
Amya,F,1999,168,10,16.8,2822.4
Kaitlyn,F,1985,879,274,3.21,2819.9
Elin,F,2011,428,65,6.58,2818.2
Anitra,F,1974,397,56,7.09,2814.4
Miranda,F,1974,934,310,3.01,2814.1
Samara,F,2004,857,261,3.28,2814.0
Ryder,M,2004,832,246,3.38,2813.9
Marisol,F,1970,897,286,3.14,2813.3
Ciji,F,1984,150,8,18.75,2812.5
Brenda,F,1938,676,163,4.15,2803.5
Kayce,M,2022,488,85,5.74,2801.7
Tasha,F,1971,1018,370,2.75,2800.9
Axel,M,2000,731,191,3.83,2797.7
Remi,F,2016,1102,435,2.53,2791.7
Tristan,M,1982,762,208,3.66,2791.6
Sienna,F,2005,1076,415,2.59,2789.8
Sheryl,F,1944,950,324,2.93,2785.5
Tamra,F,1959,824,244,3.38,2782.7
Ayden,M,2002,863,268,3.22,2779.0
Devonta,M,1992,320,37,8.65,2767.6
Brynn,F,2003,1067,412,2.59,2763.3
Taya,F,1998,364,48,7.58,2760.3
Natalie,F,1957,1055,404,2.61,2755.0
Dayanara,F,2004,709,183,3.87,2746.9
Eithan,M,2023,876,280,3.13,2740.6
Bryan,M,1896,157,9,17.44,2738.8
Leslie,F,1942,834,254,3.28,2738.4
Vicki,F,1942,1051,405,2.6,2727.4
Eliam,M,2025,1085,432,2.51,2725.1
Keshia,F,1986,511,96,5.32,2720.0
Nohely,F,1994,215,17,12.65,2719.1
Cash,M,2006,787,228,3.45,2716.5
Tyrone,M,1938,208,16,13.0,2704.0
Afton,F,1982,180,12,15.0,2700.0
Tracy,F,1955,936,326,2.87,2687.4
Stephani,F,1989,637,151,4.22,2687.2
Lyla,F,2007,887,293,3.03,2685.2
Yahir,M,2004,947,334,2.84,2685.1
Nikita,F,1987,659,162,4.07,2680.7
Tristin,M,1995,288,31,9.29,2675.6
Ariah,F,2016,1046,409,2.56,2675.1
Charity,F,1973,957,343,2.79,2670.1
Kamazi,M,2025,219,18,12.17,2664.5
Deron,M,1965,263,26,10.12,2660.3
Kelley,F,1958,650,159,4.09,2657.2
Kayleigh,F,1986,748,211,3.55,2651.7
Alexus,F,1993,726,199,3.65,2648.6
Isla,F,2008,493,92,5.36,2641.8
Kyle,M,1957,1033,404,2.56,2641.3
Victor,M,1912,989,372,2.66,2629.4
Azul,F,2008,497,94,5.29,2627.8
Dana,M,1947,945,340,2.78,2626.5
Ericka,F,1971,910,316,2.88,2620.6
Glenn,M,1912,948,343,2.76,2620.1
Aylin,F,1997,347,46,7.54,2617.6
Lucas,M,1975,890,303,2.94,2614.2
Evangeline,F,2007,702,189,3.71,2607.4
Brisa,F,2001,523,105,4.98,2605.0
Peyton,F,1992,398,61,6.52,2596.8
Royalty,F,2017,757,221,3.43,2593.0
Thiago,M,2014,797,246,3.24,2582.2
Cayden,M,2003,1013,398,2.55,2578.3
Aden,M,2003,922,330,2.79,2576.0
Kehlani,F,2018,914,325,2.81,2570.4
Tristian,M,1996,304,36,8.44,2567.1
Cami,F,1967,351,48,7.31,2566.7
Spenser,M,1987,248,24,10.33,2562.7
Mylee,F,2008,730,208,3.51,2562.0
Gordon,M,1913,1017,404,2.52,2560.1
Messiah,M,2013,974,371,2.63,2557.1
Layla,F,2001,947,351,2.7,2555.0
Brenton,M,1984,799,250,3.2,2553.6
Brianne,F,1978,202,16,12.62,2550.2
Chastity,F,1974,749,220,3.4,2550.0
Gordon,M,1912,822,265,3.1,2549.8
Tea,F,1998,290,33,8.79,2548.5
Willard,M,1913,926,338,2.74,2536.9
Debbie,F,1947,598,141,4.24,2536.2
Madeline,F,1986,854,288,2.97,2532.3
Yalitza,F,2019,159,10,15.9,2528.1
Debbie,F,1948,836,277,3.02,2523.1
Charmaine,F,1952,619,152,4.07,2520.8
Tyrese,M,2000,868,300,2.89,2511.4
Morris,M,1912,960,367,2.62,2511.2
Corinne,F,1978,847,286,2.96,2508.4
Mikayla,F,1993,928,344,2.7,2503.4
Kimberly,F,1947,255,26,9.81,2501.0
Charleston,F,2015,255,26,9.81,2501.0
Rickey,M,1947,809,262,3.09,2498.0
Marlon,M,1971,766,235,3.26,2496.8
Domonique,F,1985,353,50,7.06,2492.2
Maurice,M,1913,994,397,2.5,2488.8
Stoney,M,1963,259,27,9.59,2484.5
Lu,F,1953,319,41,7.78,2482.0
Dakota,F,1991,636,163,3.9,2481.6
Alitzel,F,2023,307,38,8.08,2480.2
Darian,F,1994,869,305,2.85,2475.9
Khalilah,F,1976,205,17,12.06,2472.1
Alton,M,1904,302,37,8.16,2465.0
Nyree,F,1973,157,10,15.7,2464.9
Dalvin,M,1993,179,13,13.77,2464.7
Britney,F,1985,938,357,2.63,2464.5
Stephen,M,1912,928,350,2.65,2460.5
Latasha,F,1972,715,208,3.44,2457.8
Kathy,F,1941,947,365,2.59,2457.0
Liz,F,1958,538,118,4.56,2452.9
Simone,F,1988,797,259,3.08,2452.5
Oaklyn,F,2018,630,162,3.89,2450.0
Royal,F,2015,380,59,6.44,2447.5
Ensley,F,2018,434,77,5.64,2446.2
Elin,F,2010,386,61,6.33,2442.6
Irving,M,1912,815,272,3.0,2442.0
Cheri,F,1947,731,219,3.34,2440.0
Dorla,F,1930,171,12,14.25,2436.8
Andreina,F,1989,156,10,15.6,2433.6
Xamira,F,2025,197,16,12.31,2425.6
Deanne,F,1938,231,22,10.5,2425.5
Ava,F,1998,831,285,2.92,2423.0
Adhara,F,2023,365,55,6.64,2422.3
Kristine,F,1947,718,213,3.37,2420.3
Caitlin,F,1981,784,254,3.09,2419.9
Kairo,M,2018,608,153,3.97,2416.1
Brigitte,F,1959,282,33,8.55,2409.8
Giselle,F,1997,937,365,2.57,2405.4
Aranza,F,2015,290,35,8.29,2402.9
Chuck,M,1958,905,341,2.65,2401.8
Cole,M,1982,806,271,2.97,2397.2
Miranda,F,1975,882,325,2.71,2393.6
Samantha,F,1964,415,72,5.76,2392.0
Itzel,F,1994,489,100,4.89,2391.2
Rubi,F,1990,285,34,8.38,2389.0
Buffy,F,1968,239,24,9.96,2380.0
Daijah,F,1996,195,16,12.19,2376.6
Luanne,F,1953,580,142,4.08,2369.0
Tasia,F,1984,223,21,10.62,2368.0
Jennifer,F,1944,684,198,3.45,2362.9
Gina,F,1954,888,334,2.66,2360.9
Norah,F,2004,476,96,4.96,2360.2
Teela,F,1984,175,13,13.46,2355.8
Raekwon,M,1995,303,39,7.77,2354.1
Ayla,F,1987,329,46,7.15,2353.1
Coretta,F,1969,194,16,12.12,2352.2
Addison,M,1986,295,37,7.97,2352.0
Brittani,F,1985,557,132,4.22,2350.4
Colter,M,2022,720,221,3.26,2345.7
Tatum,F,1998,689,203,3.39,2338.5
Kierra,F,1989,525,118,4.45,2335.8
Adalyn,F,2009,861,318,2.71,2331.2
Baker,M,2019,620,165,3.76,2329.7
Kiley,F,1978,273,32,8.53,2329.0
Maurice,M,1912,811,283,2.87,2324.1
Wilbur,M,1912,832,298,2.79,2322.9
Karol,F,2005,316,43,7.35,2322.2
Lisha,F,1961,231,23,10.04,2320.0
Andrea,F,1939,648,181,3.58,2319.9
Vivienne,F,2010,730,230,3.17,2317.0
Pam,F,1956,866,325,2.66,2307.6
Lindsay,F,1975,515,115,4.48,2306.3
Kevon,M,2000,649,183,3.55,2301.6
Briella,F,2012,828,298,2.78,2300.6
Daren,M,1965,761,252,3.02,2298.1
Jenna,F,1973,591,152,3.89,2297.9
Amiri,M,2022,567,140,4.05,2296.3
Kelley,F,1959,817,291,2.81,2293.8
Haley,F,1978,518,117,4.43,2293.4
Gael,M,2004,751,246,3.05,2292.7
Kwame,M,1990,299,39,7.67,2292.3
Tyrone,M,1939,406,72,5.64,2289.4
Ciara,F,1986,733,235,3.12,2286.3
Jarrod,M,1966,219,21,10.43,2283.9
Dafne,F,2001,224,22,10.18,2280.7
Arnold,M,1912,767,258,2.97,2280.2
Brianna,F,1979,713,223,3.2,2279.7
Jaimie,F,1987,670,197,3.4,2278.7
Mylie,F,2007,327,47,6.96,2275.1
Jacoby,M,2008,691,210,3.29,2273.7
Chandler,F,1992,437,84,5.2,2273.4
Elyse,F,1984,426,80,5.33,2268.5
Jax,M,2010,882,343,2.57,2268.0
Sandra,F,1932,822,298,2.76,2267.4
Isabella,F,1993,831,305,2.72,2264.1
Debanhi,F,2022,178,14,12.71,2263.1
Meadow,F,2001,293,38,7.71,2259.2
Giuliana,F,2010,840,313,2.68,2254.3
Camron,M,1999,683,207,3.3,2253.6
Vernon,M,1912,889,351,2.53,2251.6
Kayce,M,2023,666,197,3.38,2251.6
Colsen,M,2024,442,87,5.08,2245.6
Connor,M,1988,787,276,2.85,2244.1
Abby,F,1979,791,279,2.84,2242.6
Gary,M,1930,713,227,3.14,2239.5
Londyn,F,2009,870,338,2.57,2239.3
Angelia,F,1990,484,105,4.61,2231.0
Laila,F,2001,612,168,3.64,2229.4
Thea,F,2015,688,213,3.23,2222.3
Bradley,M,1947,830,310,2.68,2222.3
Viviana,F,1979,419,79,5.3,2222.3
Laisha,F,2000,216,21,10.29,2221.7
Citlalli,F,1999,226,23,9.83,2220.7
Raya,F,2022,784,277,2.83,2219.0
Autumn,F,1975,840,318,2.64,2218.9
Gary,M,1929,537,130,4.13,2218.2
Kirstie,F,1990,537,130,4.13,2218.2
Carole,F,1931,850,326,2.61,2216.3
Zhane,F,1994,391,69,5.67,2215.7
Darian,F,1992,305,42,7.26,2214.9
Cheyenne,F,1990,833,314,2.65,2209.8
Evangeline,F,2006,486,107,4.54,2207.4
Debora,F,1951,639,185,3.45,2207.1
Kamryn,F,1998,448,91,4.92,2205.5
Marsha,F,1937,561,143,3.92,2200.8
Wilson,M,1912,496,112,4.43,2196.6
Trista,F,2003,566,146,3.88,2194.2
Grisel,F,1984,204,19,10.74,2190.3
Yamile,F,2000,204,19,10.74,2190.3
Brock,M,1975,617,174,3.55,2187.9
Azul,F,2007,405,75,5.4,2187.0
Leslie,M,1913,838,323,2.59,2174.1
Adley,F,2012,378,66,5.73,2164.9
Durell,M,1985,208,20,10.4,2163.2
Jordyn,F,1990,509,120,4.24,2159.0
Ryne,M,1985,286,38,7.53,2152.5
Kelli,F,1958,533,132,4.04,2152.2
Leonidas,M,2008,241,27,8.93,2151.1
Amelie,F,2003,274,35,7.83,2145.0
Mcarthur,M,1943,173,14,12.36,2137.8
Vivienne,F,2009,570,152,3.75,2137.5
Marc,M,1946,790,292,2.71,2137.3
Yuridia,F,2006,296,41,7.22,2137.0
Shavon,F,1979,358,60,5.97,2136.1
Candice,F,1946,273,35,7.8,2129.4
Danielle,F,1961,666,209,3.19,2122.3
Ophelia,F,2017,765,276,2.77,2120.4
Jena,F,1985,614,178,3.45,2118.0
Suri,F,2006,184,16,11.5,2116.0
Kehlani,F,2016,325,50,6.5,2112.5
Therese,F,1926,781,289,2.7,2110.6
Arya,F,2012,759,273,2.78,2110.2
Freya,F,2015,770,281,2.74,2110.0
Lacey,F,1978,787,294,2.68,2106.7
Debra,F,1947,679,219,3.1,2105.2
Makayla,F,1993,762,276,2.76,2103.8
Darrin,M,1964,801,305,2.63,2103.6
Sincere,M,2000,189,17,11.12,2101.2
Colin,M,1942,349,58,6.02,2100.0
Angelique,F,1969,624,186,3.35,2093.4
Kara,F,1963,817,319,2.56,2092.4
Kyro,M,2019,339,55,6.16,2089.5
Octavia,F,2018,737,260,2.83,2089.1
Darla,F,1936,246,29,8.48,2086.8
Kashton,M,2018,685,225,3.04,2085.4
Anissa,F,1967,219,23,9.52,2085.3
Braylon,M,2006,753,272,2.77,2084.6
January,F,1976,204,20,10.2,2080.8
Chace,M,2009,512,126,4.06,2080.5
Gayle,F,1935,705,239,2.95,2079.6
Harrison,M,1888,400,77,5.19,2077.9
Jadiel,M,2009,392,74,5.3,2076.5
Katherin,F,1989,277,37,7.49,2073.8
Jaclyn,F,1976,325,51,6.37,2071.1
Anissa,F,1993,602,175,3.44,2070.9
Koda,M,2004,182,16,11.38,2070.2
Terra,F,1971,394,75,5.25,2069.8
Cielo,F,2000,245,29,8.45,2069.8
Nicolette,F,1980,375,68,5.51,2068.0
Nicolas,M,1978,799,309,2.59,2066.0
Daija,F,1996,253,31,8.16,2064.8
Ericka,F,1970,613,182,3.37,2064.7
Chasity,F,1974,618,185,3.34,2064.5
Ryan,F,1978,580,163,3.56,2063.8
Wayne,M,1913,760,280,2.71,2062.9
Zayn,M,2016,749,272,2.75,2062.5
Shanice,F,1989,537,140,3.84,2059.8
Alisson,F,2009,493,118,4.18,2059.7
Breanne,F,1980,324,51,6.35,2058.4
Nicholas,M,1913,796,308,2.58,2057.2
Marlon,M,1955,449,98,4.58,2057.2
Wrenley,F,2021,630,193,3.26,2056.5
Neithan,M,2025,371,67,5.54,2054.3
Lacey,F,1979,790,304,2.6,2053.0
Jamarion,M,2003,317,49,6.47,2050.8
Jamya,F,1999,163,13,12.54,2043.8
Jaceon,M,2014,163,13,12.54,2043.8
Somaya,F,2012,207,21,9.86,2040.4
Suzette,F,1946,338,56,6.04,2040.1
Katelyn,F,1984,702,242,2.9,2036.4
Akeem,M,1984,255,32,7.97,2032.0
Kelsey,F,1982,791,308,2.57,2031.4
Odalis,F,1996,216,23,9.39,2028.5
Kaaren,F,1942,191,18,10.61,2026.7
Rhonda,F,1946,580,166,3.49,2026.5
Jocelyne,F,1996,461,105,4.39,2024.0
Kelli,F,1959,762,288,2.65,2016.1
Bentlee,M,2010,250,31,8.06,2016.1
Glenda,F,1933,680,230,2.96,2010.4
Rashad,M,1987,608,184,3.3,2009.0
Jaden,F,2000,752,282,2.67,2005.3
Winter,F,1979,241,29,8.31,2002.8
Azari,F,2023,415,86,4.83,2002.6
Aretha,F,1968,543,148,3.67,1992.2
Kathi,F,1954,740,275,2.69,1991.3
Nyla,F,2002,637,204,3.12,1989.1
Orville,M,1913,676,230,2.94,1986.9
Jaxtyn,M,2018,299,45,6.64,1986.7
Leesa,F,1956,318,51,6.24,1982.8
Briella,F,2011,594,178,3.34,1982.2
Vonda,F,1964,602,183,3.29,1980.3
Carys,F,2004,178,16,11.12,1980.2
Tinley,F,2010,178,16,11.12,1980.2
Mac,M,1942,398,80,4.97,1980.0
Suri,F,2007,199,20,9.95,1980.0
Darin,M,1961,438,97,4.52,1977.8
Layla,F,2000,698,247,2.83,1972.5
Kara,F,1962,516,135,3.82,1972.3
Harding,M,1921,235,28,8.39,1972.3
Alanis,F,1996,172,15,11.47,1972.3
Tatyana,F,1996,774,304,2.55,1970.6
Jailene,F,1997,397,80,4.96,1970.1
Gillian,F,1997,659,221,2.98,1965.1
Henley,F,2014,592,179,3.31,1957.9
Reyli,M,2005,153,12,12.75,1950.8
Kalista,F,1999,182,17,10.71,1948.5
Shawnte,F,1977,207,22,9.41,1947.7
Lynda,F,1939,764,300,2.55,1945.7
Willard,M,1912,718,265,2.71,1945.4
Lilah,F,2008,774,308,2.51,1945.1
Max,M,1912,734,277,2.65,1945.0
Nicholas,M,1912,676,235,2.88,1944.6
Mireya,F,1997,567,166,3.42,1936.7
Rick,M,1944,431,96,4.49,1935.0
Connor,M,1987,585,177,3.31,1933.5
Dominque,F,1985,314,51,6.16,1933.3
Memphis,M,2002,152,12,12.67,1925.3
Wayde,M,1959,252,33,7.64,1924.4
Chuck,M,1957,629,206,3.05,1920.6
Archie,M,2020,635,210,3.02,1920.1
Telly,M,1975,277,40,6.92,1918.2
Darby,F,1995,491,126,3.9,1913.3
Dallas,F,1993,450,106,4.25,1910.4
Tori,F,1976,602,190,3.17,1907.4
Knox,M,2009,341,61,5.59,1906.2
Nickolas,M,1978,574,173,3.32,1904.5
Neymar,M,2011,190,19,10.0,1900.0
Arsenio,M,1989,397,83,4.78,1898.9
Claudette,F,1935,704,261,2.7,1898.9
Noelia,F,1999,314,52,6.04,1896.1
Addisyn,F,2006,471,117,4.03,1896.1
Khadijah,F,1993,435,100,4.35,1892.2
Kayden,M,2003,725,278,2.61,1890.7
Adalyn,F,2008,578,177,3.27,1887.5
Arantza,F,2014,179,17,10.53,1884.8
Ariel,F,1982,584,181,3.23,1884.3
Tashina,F,1981,168,15,11.2,1881.6
Caitlin,F,1980,646,222,2.91,1879.8
Rochelle,F,1936,440,103,4.27,1879.6
Zaria,F,1997,341,62,5.5,1875.5
Analeia,F,2025,579,179,3.23,1872.9
Macy,F,1991,535,153,3.5,1870.8
Ronaldo,M,1998,359,69,5.2,1867.8
Cheri,F,1946,591,187,3.16,1867.8
Somaya,F,2011,198,21,9.43,1866.9
Emberly,F,2017,471,119,3.96,1864.2
Wrenlee,F,2022,414,92,4.5,1863.0
Marnie,F,1965,266,38,7.0,1862.0
Beyonce,F,2001,353,67,5.27,1859.8
Royal,F,2014,255,35,7.29,1857.9
Ainhoa,F,2019,368,73,5.04,1855.1
Ariel,F,1983,650,228,2.85,1853.1
Carly,F,1974,370,74,5.0,1850.0
Jess,M,1915,577,180,3.21,1849.6
Kylo,M,2020,662,237,2.79,1849.1
Callen,M,2011,421,96,4.39,1846.3
Kyrie,M,2012,243,32,7.59,1845.3
Palmer,F,2019,675,247,2.73,1844.6
Tatyana,F,1995,703,268,2.62,1844.1
Warren,M,1912,697,264,2.64,1840.2
Britny,F,1989,278,42,6.62,1840.1
Kaitlin,F,1984,682,253,2.7,1838.4
Chance,M,1985,650,230,2.83,1837.0
Salma,F,1998,430,101,4.26,1830.7
Dream,F,2018,484,128,3.78,1830.1
Naima,F,2006,299,49,6.1,1824.5
Haley,F,1977,462,117,3.95,1824.3
Paxton,M,2008,697,267,2.61,1819.5
Brandie,F,1973,556,170,3.27,1818.4
Melissa,F,1948,600,198,3.03,1818.2
Kenisha,F,1977,229,29,7.9,1808.3
Emberly,F,2018,595,196,3.04,1806.2
Shaniya,F,1996,170,16,10.62,1806.2
Camilo,M,2022,682,258,2.64,1802.8
Cindi,F,1957,459,117,3.92,1800.7
Roseanna,F,1950,275,42,6.55,1800.6
Dalia,F,1994,516,148,3.49,1799.0
Raylan,M,2012,487,132,3.69,1796.7
Talon,M,2006,661,244,2.71,1790.7
Royal,M,2015,648,235,2.76,1786.8
Jocelyne,F,1995,351,69,5.09,1785.5
Amiri,M,2021,330,61,5.41,1785.2
Kaleena,F,1982,270,41,6.59,1778.0
Liberty,F,2002,584,192,3.04,1776.3
Roni,F,1955,295,49,6.02,1776.0
Jaimie,F,1977,419,99,4.23,1773.3
Kellie,F,1958,467,123,3.8,1773.1
Sheryl,F,1943,588,195,3.02,1773.0
Colbie,F,2008,163,15,10.87,1771.3
Corbin,M,1988,374,79,4.73,1770.6
Juwan,M,1993,230,30,7.67,1763.3
Gilda,F,1947,346,68,5.09,1760.5
Dirk,M,1954,438,109,4.02,1760.0
Bart,M,1958,688,269,2.56,1759.6
Kiley,F,1979,275,43,6.4,1758.7
Arleen,F,1939,415,98,4.23,1757.4
Luanne,F,1954,588,197,2.98,1755.0
Anahi,F,1998,490,137,3.58,1752.6
Yuliana,F,2001,360,74,4.86,1751.4
Candace,F,1943,233,31,7.52,1751.3
Serena,F,1969,676,261,2.59,1750.9
Jacob,M,1912,691,273,2.53,1749.0
Lakisha,F,1974,630,227,2.78,1748.5
Betzy,F,2006,229,30,7.63,1748.0
Kyomi,F,2025,551,174,3.17,1744.8
Ailanny,F,2025,280,45,6.22,1742.2
Kellie,F,1959,596,204,2.92,1741.3
Naima,F,2005,283,46,6.15,1741.1
Jax,M,2009,675,262,2.58,1739.0
Cindy,F,1946,677,264,2.56,1736.1
Samara,F,2003,656,248,2.65,1735.2
Rory,M,1977,538,167,3.22,1733.2
Chrissy,F,1979,454,119,3.82,1732.1
Symone,F,1990,239,33,7.24,1730.9
Beverly,F,1916,495,142,3.49,1725.5
Farrah,F,2010,530,163,3.25,1723.3
Brock,M,1976,645,242,2.67,1719.1
Sharyn,F,1946,680,269,2.53,1719.0
Shad,M,1971,406,96,4.23,1717.0
Wrenlee,F,2023,514,154,3.34,1715.6
Candace,F,1945,632,233,2.71,1714.3
Traci,F,1960,674,265,2.54,1714.2
Steve,M,1913,661,255,2.59,1713.4
Damarion,M,2003,215,27,7.96,1712.0
Aubrey,F,1974,185,20,9.25,1711.2
Sharon,F,1930,523,160,3.27,1709.6
Meghann,F,1978,301,53,5.68,1709.5
Alaiya,F,2019,353,73,4.84,1707.0
Dakota,M,1986,320,60,5.33,1706.7
Alexus,F,1992,367,79,4.65,1704.9
Nery,M,2007,222,29,7.66,1699.4
Dakota,M,1987,430,109,3.94,1696.3
Amare,M,2003,154,14,11.0,1694.0
Raya,F,2021,636,239,2.66,1692.5
Serenity,F,2000,654,253,2.58,1690.6
Sherry,F,1936,568,191,2.97,1689.1
Winston,M,1941,542,174,3.11,1688.3
Ciara,F,1985,549,179,3.07,1683.8
Kaeli,F,2024,367,80,4.59,1683.6
Mandie,F,1975,201,24,8.38,1683.4
Anissa,F,1969,607,219,2.77,1682.4
Dion,M,1958,217,28,7.75,1681.8
Monique,F,1960,627,234,2.68,1680.0
Tamika,F,1968,183,20,9.15,1674.5
Thiago,M,2013,561,188,2.98,1674.0
Elyse,F,1985,639,244,2.62,1673.4
Marc,M,1945,613,225,2.72,1670.1
Wayne,M,1912,617,228,2.71,1669.7
Deja,F,1988,286,49,5.84,1669.3
Jaden,F,1999,579,201,2.88,1667.9
Yuridia,F,2005,255,39,6.54,1667.3
Cristal,F,1986,593,211,2.81,1666.6
Melanie,F,1941,308,57,5.4,1664.3
Kassidy,F,1995,608,223,2.73,1657.7
Marva,F,1936,350,74,4.73,1655.4
Matt,M,1957,569,196,2.9,1651.8
Barb,F,1957,290,51,5.69,1649.0
Tierra,F,1982,260,41,6.34,1648.8
Randy,M,1943,584,207,2.82,1647.6
Dylan,F,2003,572,199,2.87,1644.1
Candida,F,1971,222,30,7.4,1642.8
Colby,M,1983,656,262,2.5,1642.5
Vicki,F,1938,367,82,4.48,1642.5
Latoya,F,1973,488,145,3.37,1642.4
Jeffrey,M,1939,378,87,4.34,1642.3
Pershing,M,1918,295,53,5.57,1642.0
Angel,F,1961,596,217,2.75,1636.9
Arly,F,2003,246,37,6.65,1635.6
Jimena,F,2001,262,42,6.24,1634.4
Kecia,F,1964,265,43,6.16,1633.1
Oaklynn,F,2017,305,57,5.35,1632.0
Mayra,F,1979,595,217,2.74,1631.5
Lyanna,F,2017,318,62,5.13,1631.0
Londyn,F,2008,612,230,2.66,1628.5
Ashleigh,F,1981,569,199,2.86,1626.9
Jamal,M,1969,255,40,6.38,1625.6
Nuri,F,2019,217,29,7.48,1623.8
Roland,M,1913,611,230,2.66,1623.1
Macy,F,1990,351,76,4.62,1621.1
Anika,F,1972,161,16,10.06,1620.1
Yulissa,F,1998,197,24,8.21,1617.0
Robyn,F,1947,329,67,4.91,1615.5
Fallon,F,1982,611,232,2.63,1609.1
Mckayla,F,1995,523,170,3.08,1609.0
Kirstie,F,1991,635,251,2.53,1606.5
Dusty,M,1981,602,226,2.66,1603.6
Kassidy,F,1994,460,132,3.48,1603.0
Shannen,F,1992,179,20,8.95,1602.0
Betzaida,F,2004,160,16,10.0,1600.0
Franklin,M,1913,593,220,2.7,1598.4
Paige,F,1962,548,188,2.91,1597.4
Marisa,F,1956,307,59,5.2,1597.4
Darien,M,1993,533,178,2.99,1596.0
Icelynn,F,2024,288,52,5.54,1595.1
Landon,M,1936,174,19,9.16,1593.5
Cheryl,F,1938,397,99,4.01,1592.0
Glen,M,1913,606,231,2.62,1589.8
Dillion,M,1992,354,79,4.48,1586.3
Milan,M,2013,486,149,3.26,1585.2
Kierra,F,1990,581,213,2.73,1584.8
Ally,F,1999,540,184,2.93,1584.8
Huey,M,1935,494,154,3.21,1584.6
Lori,F,1951,531,178,2.98,1584.1
Analeigh,F,2009,199,25,7.96,1584.0
Jerrica,F,1987,318,64,4.97,1580.1
Arianna,F,1990,629,251,2.51,1576.3
Dewey,M,1899,499,158,3.16,1576.0
Dutton,M,2023,366,85,4.31,1576.0
Xavi,M,2010,257,42,6.12,1572.6
Blair,F,1981,372,88,4.23,1572.5
Melody,F,1942,202,26,7.77,1569.4
Major,M,2012,556,197,2.82,1569.2
Davonte,M,1993,363,84,4.32,1568.7
Krystina,F,1985,365,85,4.29,1567.4
Avis,F,1912,358,82,4.37,1563.0
Devonta,M,1993,306,60,5.1,1560.6
Mazikeen,F,2020,256,42,6.1,1560.4
Kross,M,2020,181,21,8.62,1560.0
Clarisa,F,1994,323,67,4.82,1557.1
Alexandria,F,1981,552,196,2.82,1554.6
Shani,F,1969,223,32,6.97,1554.0
Taylor,F,1982,604,235,2.57,1552.4
Gregg,M,1947,518,173,2.99,1551.0
Christin,F,1980,515,171,3.01,1551.0
Anya,F,1980,334,72,4.64,1549.4
Joelle,F,1967,375,91,4.12,1545.3
Kaylee,F,1987,605,237,2.55,1544.4
Reilly,F,1997,360,84,4.29,1542.9
Tahj,M,1998,204,27,7.56,1541.3
Cael,M,2002,222,32,6.94,1540.1
Salma,F,1997,291,55,5.29,1539.7
Jordyn,F,1991,595,230,2.59,1539.2
Alisson,F,2008,374,91,4.11,1537.1
Devontae,M,1992,211,29,7.28,1535.2
Sanaa,F,2002,207,28,7.39,1530.3
Whitney,F,1963,271,48,5.65,1530.0
Lolita,F,1963,432,122,3.54,1529.7
Nyah,F,2000,290,55,5.27,1529.1
Edmund,M,1913,599,235,2.55,1526.8
Chozen,M,2023,300,59,5.08,1525.4
Gilda,F,1946,305,61,5.0,1525.0
Cielo,F,2001,259,44,5.89,1524.6
Piper,F,2000,522,179,2.92,1522.3
Nayely,F,2001,331,72,4.6,1521.7
Darrin,M,1960,217,31,7.0,1519.0
Dimitri,M,1992,401,106,3.78,1517.0
Kim,M,1947,534,188,2.84,1516.8
Lyndon,M,1964,515,175,2.94,1515.6
Patrice,F,1950,512,173,2.96,1515.3
Barb,F,1958,440,128,3.44,1512.5
India,F,1971,249,41,6.07,1512.2
Shavon,F,1978,230,35,6.57,1511.4
Kennedy,M,1961,178,21,8.48,1508.8
Sherry,F,1935,436,126,3.46,1508.7
Miley,F,2006,198,26,7.62,1507.8
Christin,F,1981,583,226,2.58,1503.9
Rosalie,F,2010,498,165,3.02,1503.1
Ricky,M,1945,523,182,2.87,1502.9
Tammi,F,1959,514,176,2.92,1501.1
Kaizen,M,2023,487,158,3.08,1501.1
Skylar,F,1990,419,117,3.58,1500.5
Caylee,F,2008,600,240,2.5,1500.0
Tiffany,F,1965,565,213,2.65,1498.7
Riaan,M,2015,229,35,6.54,1498.3
Abraham,M,1912,533,191,2.79,1487.4
Dale,M,1913,472,150,3.15,1485.2
Cecily,F,1989,472,150,3.15,1485.2
Colleen,F,1924,524,185,2.83,1484.2
Betzaida,F,2005,154,16,9.62,1482.2
Truman,M,1945,540,197,2.74,1480.2
Latasha,F,1971,469,149,3.15,1476.2
Maricruz,F,1988,163,18,9.06,1476.1
Rosemarie,F,1925,586,233,2.52,1473.8
Bette,F,1918,582,230,2.53,1472.7
Aden,M,2002,516,181,2.85,1471.0
Dior,F,2019,500,170,2.94,1470.6
Akeem,M,1990,570,221,2.58,1470.1
Tariq,M,1998,514,180,2.86,1467.8
Jayme,F,1976,480,157,3.06,1467.5
Rudolph,M,1913,565,218,2.59,1464.3
Trisha,F,1963,403,111,3.63,1463.1
Kaitlyn,F,1984,449,138,3.25,1460.9
Dakota,F,1990,380,99,3.84,1458.6
Tiana,F,1976,270,50,5.4,1458.0
Annya,F,2024,162,18,9.0,1458.0
Octavia,F,2017,505,175,2.89,1457.3
Aylani,F,2024,541,201,2.69,1456.1
Karma,F,2005,298,61,4.89,1455.8
Dillan,M,1992,341,80,4.26,1453.5
Jaleel,M,1992,205,29,7.07,1449.1
Monserrat,F,2001,353,86,4.1,1448.9
Callen,M,2010,334,77,4.34,1448.8
Jerome,M,1913,554,212,2.61,1447.7
Yandel,M,2006,336,78,4.31,1447.4
Melody,F,1946,538,200,2.69,1447.2
Zayden,M,2007,432,129,3.35,1446.7
Kiera,F,1989,458,145,3.16,1446.6
Sonji,F,1966,225,35,6.43,1446.4
Courteney,F,1995,170,20,8.5,1445.0
Jahir,M,2003,215,32,6.72,1444.5
Rubi,F,2004,448,139,3.22,1443.9
Devin,F,1979,402,112,3.59,1442.9
Anfernee,M,1995,246,42,5.86,1440.9
Trystan,M,1996,182,23,7.91,1440.2
Salina,F,1977,385,103,3.74,1439.1
Ximena,F,2002,424,125,3.39,1438.2
Lynda,F,1938,540,203,2.66,1436.5
Jewel,F,1998,491,168,2.92,1435.0
Norah,F,2003,303,64,4.73,1434.5
River,M,1995,278,54,5.15,1431.2
Tiana,F,1975,248,43,5.77,1430.3
Finley,F,2005,248,43,5.77,1430.3
Zayden,M,2008,566,224,2.53,1430.2
Yaretzy,F,2006,200,28,7.14,1428.6
Roland,M,1912,522,191,2.73,1426.6
Jamarion,M,2004,437,134,3.26,1425.1
Leslie,F,1941,505,179,2.82,1424.7
Raheem,M,1993,556,217,2.56,1424.6
Danika,F,2006,509,182,2.8,1423.5
Sondra,F,1932,297,62,4.79,1422.7
Jaimie,F,1986,513,185,2.77,1422.5
Kala,F,1983,277,54,5.13,1420.9
Flynn,M,2012,339,81,4.19,1418.8
Emil,M,1913,551,214,2.57,1418.7
Tiffany,F,1963,213,32,6.66,1417.8
Daja,F,1996,241,41,5.88,1416.6
Hakeem,M,1989,279,55,5.07,1415.3
Kylee,F,1979,199,28,7.11,1414.3
Caiden,M,2003,471,157,3.0,1413.0
Krissy,F,1978,202,29,6.97,1407.0
Ricky,M,1944,393,110,3.57,1404.1
Franklin,M,1912,497,176,2.82,1403.5
Avayah,F,2021,320,73,4.38,1402.7
Jessica,F,1947,430,132,3.26,1400.8
Bentley,M,2009,522,195,2.68,1397.4
Kay,F,1931,558,223,2.5,1396.3
Atlas,M,2014,411,121,3.4,1396.0
Therese,F,1925,533,204,2.61,1392.6
Darby,F,1994,321,74,4.34,1392.4
Jayce,M,1986,171,21,8.14,1392.4
Shelia,F,1946,550,219,2.51,1381.3
Litzy,F,2012,483,169,2.86,1380.4
Amiya,F,2000,229,38,6.03,1380.0
Brentley,M,2012,304,67,4.54,1379.3
Cohen,M,2004,315,72,4.38,1378.1
Yamilet,F,2000,265,51,5.2,1377.0
Ronnie,M,1933,514,192,2.68,1376.0
Saniya,F,2004,448,146,3.07,1374.7
Liberty,F,1976,321,75,4.28,1373.9
Daija,F,1995,203,30,6.77,1373.6
Serenity,F,1999,524,200,2.62,1372.9
Blair,F,1982,483,170,2.84,1372.3
Ayden,M,2001,452,149,3.03,1371.2
Darron,M,1965,372,101,3.68,1370.1
Kwame,M,1989,231,39,5.92,1368.2
Sutton,F,2013,316,73,4.33,1367.9
Tristan,F,1996,386,109,3.54,1366.9
Kayleigh,F,1987,537,211,2.55,1366.7
Colin,M,1943,320,75,4.27,1365.3
Montserrat,F,2014,534,209,2.56,1364.4
Kimora,F,2005,481,170,2.83,1360.9
Caitlyn,F,1986,537,212,2.53,1360.2
Giada,F,2007,336,83,4.05,1360.2
Jena,F,1984,492,178,2.76,1359.9
Trace,M,1998,524,202,2.59,1359.3
Shelbie,F,1992,450,149,3.02,1359.1
Brady,M,1970,520,199,2.61,1358.8
Rowan,M,2004,529,206,2.57,1358.5
Tamiko,F,1975,486,174,2.79,1357.4
Chaz,M,1988,526,204,2.58,1356.3
Colten,M,1989,255,48,5.31,1354.7
Marta,F,1950,443,145,3.06,1353.4
Jon,M,1934,471,164,2.87,1352.7
Clint,M,1957,396,116,3.41,1351.9
Karen,F,1933,453,152,2.98,1350.1
Candy,F,1947,517,198,2.61,1349.9
Tera,F,1971,318,75,4.24,1348.3
Benji,M,1975,168,21,8.0,1344.0
Justice,M,1994,469,164,2.86,1341.2
Amoura,F,2019,264,52,5.08,1340.3
Mckayla,F,1994,366,100,3.66,1339.6
Shelby,M,1991,524,205,2.56,1339.4
Kenadie,F,2007,256,49,5.22,1337.5
Kyrie,M,2013,431,139,3.1,1336.4
Lakeisha,F,1974,458,157,2.92,1336.1
Karin,F,1942,415,129,3.22,1335.1
Kareem,M,1973,242,44,5.5,1331.0
Marsha,F,1936,328,81,4.05,1328.2
Unknown,F,1949,443,148,2.99,1326.0
Marlena,F,1977,423,135,3.13,1325.4
Harley,F,1992,456,157,2.9,1324.4
Demi,F,1991,333,84,3.96,1320.1
Wrenleigh,F,2022,202,31,6.52,1316.3
Debi,F,1958,504,193,2.61,1316.1
Addison,M,1987,281,60,4.68,1316.0
Citlalli,F,2000,281,60,4.68,1316.0
Marlena,F,1978,470,168,2.8,1314.9
Kenley,F,2009,447,152,2.94,1314.5
Jaiden,M,1999,243,45,5.4,1312.2
Ronnie,M,1932,430,141,3.05,1311.3
Shiloh,F,2007,367,103,3.56,1307.7
Giada,F,2006,198,30,6.6,1306.8
Keisha,F,1970,490,184,2.66,1304.9
Gisselle,F,1998,368,104,3.54,1302.2
Rynlee,F,2025,359,99,3.63,1301.8
Kanisha,F,1990,293,66,4.44,1300.7
Amiri,F,2022,316,77,4.1,1296.8
Adalynn,F,2008,330,84,3.93,1296.4
Talen,M,2006,216,36,6.0,1296.0
Annika,F,1997,501,194,2.58,1293.8
Ciera,F,1985,249,48,5.19,1291.7
Ashely,F,1983,241,45,5.36,1290.7
Lacy,F,1978,453,159,2.85,1290.6
Lindsey,F,1975,361,101,3.57,1290.3
Rhianna,F,2007,495,190,2.61,1289.6
Vickie,F,1943,481,180,2.67,1285.3
Crosby,M,2011,306,73,4.19,1282.7
Camron,M,1998,487,185,2.63,1282.0
Solene,F,2025,179,25,7.16,1281.6
Nahla,F,2009,164,21,7.81,1280.8
Shanequa,F,1991,284,63,4.51,1280.3
Arianna,F,1989,502,197,2.55,1279.2
Ronald,M,1913,417,136,3.07,1278.6
Ryne,M,1984,199,31,6.42,1277.5
Ander,M,2020,430,145,2.97,1275.2
Maisie,F,2014,437,150,2.91,1273.1
Dalia,F,1995,476,178,2.67,1272.9
Arlet,F,2023,493,191,2.58,1272.5
Jemma,F,2010,315,78,4.04,1272.1
Bridgette,F,1959,294,68,4.32,1271.1
Eliel,M,2019,400,126,3.17,1269.8
Dusty,M,1980,495,193,2.56,1269.6
Taya,F,1997,239,45,5.31,1269.4
Ainhoa,F,2018,239,45,5.31,1269.4
Katlyn,F,1988,505,201,2.51,1268.8
Corinna,F,1961,167,22,7.59,1267.7
Zion,F,1999,167,22,7.59,1267.7
Eiza,F,2013,167,22,7.59,1267.7
Davy,M,1955,195,30,6.5,1267.5
Norita,F,1937,155,19,8.16,1264.5
Angelo,M,1913,478,181,2.64,1262.3
Jaylen,M,1994,357,101,3.53,1261.9
Haisley,F,2018,357,101,3.53,1261.9
Alita,F,2020,181,26,6.96,1260.0
Kristine,F,1946,446,158,2.82,1259.0
Whitney,F,1962,191,29,6.59,1258.0
Capri,F,2021,478,182,2.63,1255.4
Elle,F,2003,497,197,2.52,1253.9
Mavis,F,2014,232,43,5.4,1251.7
Tamera,F,1957,255,52,4.9,1250.5
Jalessa,F,1988,150,18,8.33,1250.0
Danica,F,2005,465,173,2.69,1249.9
Nairobi,F,2020,215,37,5.81,1249.3
Chelsey,F,1982,322,83,3.88,1249.2
Cameran,F,2004,187,28,6.68,1248.9
Brantlee,M,2012,187,28,6.68,1248.9
Tiffany,F,1962,173,24,7.21,1247.0
Rashad,M,1986,479,184,2.6,1247.0
Kaylee,F,1986,488,191,2.55,1246.8
Ieshia,F,1991,293,69,4.25,1244.2
Tisha,F,1969,402,130,3.09,1243.1
Wrenley,F,2020,297,71,4.18,1242.4
Mayte,F,2006,249,50,4.98,1240.0
Male,M,1990,211,36,5.86,1236.7
Tara,F,1955,432,151,2.86,1235.9
Amelie,F,2002,186,28,6.64,1235.6
Amari,F,1997,322,84,3.83,1234.3
Candy,F,1946,335,91,3.68,1233.2
Harley,F,1991,316,81,3.9,1232.8
Royal,M,2014,489,194,2.52,1232.6
Wayde,M,1958,153,19,8.05,1232.1
Shiloh,F,2008,474,183,2.59,1227.7
Kim,M,1946,407,135,3.01,1227.0
Glynis,F,1963,278,63,4.41,1226.7
Kelan,M,2007,201,33,6.09,1224.3
Emryn,F,2023,303,75,4.04,1224.1
Roger,M,1912,464,176,2.64,1223.3
Kylee,F,1978,164,22,7.45,1222.5
Tatyana,F,1992,229,43,5.33,1219.6
Lennon,F,2014,404,134,3.01,1218.0
Moriah,F,1991,477,187,2.55,1216.7
Sherlyn,F,2003,261,56,4.66,1216.4
Jared,M,1967,347,99,3.51,1216.3
Chelsea,F,1970,226,42,5.38,1216.1
Devan,F,1991,449,166,2.7,1214.5
Qiana,F,1978,372,114,3.26,1213.9
Andrea,F,1938,428,151,2.83,1213.1
Leisa,F,1957,285,67,4.25,1212.3
Micaela,F,1985,365,110,3.32,1211.1
Chastity,F,1972,220,40,5.5,1210.0
Arlet,F,2022,390,126,3.1,1207.1
Keanu,M,1995,356,105,3.39,1207.0
Bryer,M,2025,382,121,3.16,1206.0
Anitra,F,1975,458,174,2.63,1205.5
Aretha,F,1967,385,123,3.13,1205.1
Jaxtyn,M,2020,472,185,2.55,1204.2
Kyle,F,1951,211,37,5.7,1203.3
Jayson,M,1970,403,135,2.99,1203.0
Sage,M,1991,257,55,4.67,1200.9
Roselyn,F,2003,240,48,5.0,1200.0
Suzette,F,1947,259,56,4.62,1197.9
Monique,F,1959,443,164,2.7,1196.6
Leighton,F,2008,213,38,5.61,1193.9
Spenser,M,1988,333,93,3.58,1192.4
Noelia,F,2000,293,72,4.07,1192.3
Alethea,F,1973,322,87,3.7,1191.8
Athena,F,1955,176,26,6.77,1191.4
Bexley,F,2016,276,64,4.31,1190.2
Tia,F,1966,405,138,2.93,1188.6
Rosalia,F,2021,461,179,2.58,1187.3
Analeia,F,2023,179,27,6.63,1186.7
Adyson,F,2007,457,176,2.6,1186.6
Leatrice,F,1923,231,45,5.13,1185.8
Cassandra,F,1943,241,49,4.92,1185.3
Riaan,M,2016,262,58,4.52,1183.5
Katelyn,F,1983,424,152,2.79,1182.7
Jameson,M,1983,328,91,3.6,1182.2
Tyreke,M,1999,220,41,5.37,1180.5
Chasity,F,1972,185,29,6.38,1180.2
Gionni,M,2012,185,29,6.38,1180.2
Marshall,M,1912,397,134,2.96,1176.2
Lance,M,1939,291,72,4.04,1176.1
Zander,M,2002,420,150,2.8,1176.0
Jaret,M,1997,214,39,5.49,1174.3
Katarina,F,1992,405,140,2.89,1171.6
Jacklyn,F,1978,227,44,5.16,1171.1
Milagros,F,2008,409,143,2.86,1169.8
Raven,F,1978,342,100,3.42,1169.6
Irvin,M,1988,328,92,3.57,1169.4
Jon,M,1933,317,86,3.69,1168.5
Brynn,F,1999,452,175,2.58,1167.5
Symone,F,1991,271,63,4.3,1165.7
Grover,M,1892,454,177,2.56,1164.5
Dallas,F,1992,351,106,3.31,1162.3
Chace,M,2008,367,116,3.16,1161.1
Leia,F,1978,156,21,7.43,1158.9
Shavonne,F,1979,268,62,4.32,1158.5
Amoura,F,2020,330,94,3.51,1158.5
Chosen,M,2023,407,143,2.85,1158.4
Sutton,F,2012,243,51,4.76,1157.8
Merritt,F,2025,401,139,2.88,1156.8
Chase,F,1996,223,43,5.19,1156.5
Vicky,F,1943,374,121,3.09,1156.0
Laila,F,2000,389,131,2.97,1155.1
Misty,F,1960,212,39,5.44,1152.4
Julisa,F,1997,292,74,3.95,1152.2
Marjorie,F,2014,387,130,2.98,1152.1
Glen,M,1912,460,184,2.5,1150.0
Dionne,F,1965,242,51,4.75,1148.3
Cheryle,F,1944,176,27,6.52,1147.3
Mazikeen,F,2019,176,27,6.52,1147.3
Lacy,F,1979,427,159,2.69,1146.7
Archer,M,2010,458,183,2.5,1146.3
Terra,F,1970,277,67,4.13,1145.2
Kiel,M,1983,279,68,4.1,1144.7
Lakisha,F,1973,375,123,3.05,1143.3
Tavian,M,1998,169,25,6.76,1142.4
Joretta,F,1931,194,33,5.88,1140.5
Rheta,F,1934,151,20,7.55,1140.0
Latoya,F,1972,296,77,3.84,1137.9
Lakeisha,F,1973,296,77,3.84,1137.9
Yaretzi,F,2006,320,90,3.56,1137.8
Siena,F,2006,455,182,2.5,1137.5
Debi,F,1957,380,127,2.99,1137.0
Tristen,F,1996,290,74,3.92,1136.5
Latrell,M,1999,278,68,4.09,1136.5
Stormi,F,2019,205,37,5.54,1135.8
Alaina,F,1980,407,146,2.79,1134.6
Lissette,F,1967,175,27,6.48,1134.3
Sunny,F,1975,319,90,3.54,1130.7
Nia,F,1974,223,44,5.07,1130.2
Tiffany,F,1964,442,173,2.55,1129.3
Ashlie,F,1983,421,157,2.68,1128.9
Nicolette,F,1979,249,55,4.53,1127.3
Cherilyn,F,1972,161,23,7.0,1127.0
Amias,M,2020,363,117,3.1,1126.2
Miriah,F,1991,201,36,5.58,1122.2
Jayla,F,1996,421,158,2.66,1121.8
Jadyn,F,2000,392,137,2.86,1121.6
Hakeem,M,1990,270,65,4.15,1121.5
Gianni,M,1998,351,110,3.19,1120.0
Syreeta,F,1980,326,95,3.43,1118.7
Sawyer,M,1993,375,126,2.98,1116.1
Meilani,F,2016,263,62,4.24,1115.6
Dajah,F,1995,160,23,6.96,1113.0
Dream,F,2017,330,98,3.37,1111.2
Royalty,F,2015,221,44,5.02,1110.0
Arantza,F,2015,173,27,6.41,1108.5
Kylian,M,2018,173,27,6.41,1108.5
Zayn,M,2013,233,49,4.76,1107.9
Marisela,F,1985,410,152,2.7,1105.9
Kahlil,M,1995,268,65,4.12,1105.0
Olive,F,2008,358,116,3.09,1104.9
Pam,F,1943,282,72,3.92,1104.5
Dale,M,1912,371,125,2.97,1101.1
Simone,F,1960,257,60,4.28,1100.8
Lisbeth,F,2002,409,152,2.69,1100.5
Irving,M,1988,304,84,3.62,1100.2
Anahi,F,1997,375,128,2.93,1098.6
Kendrick,M,1971,372,126,2.95,1098.3
Mitch,M,1958,285,74,3.85,1097.6
Myah,F,1998,273,68,4.01,1096.0
Jordy,M,1993,162,24,6.75,1093.5
Salvatore,M,1912,374,128,2.92,1092.8
Jianna,F,2021,371,126,2.94,1092.4
Angelo,M,1912,384,135,2.84,1092.3
Sharon,F,1929,359,118,3.04,1092.2
Brandie,F,1972,368,124,2.97,1092.1
Carmine,M,2006,262,63,4.16,1089.6
Tamera,F,1995,270,67,4.03,1088.1
Shelly,F,1950,333,102,3.26,1087.1
Batsheva,F,2012,195,35,5.57,1086.4
Irvin,M,1913,422,164,2.57,1085.9
Domonique,F,1986,374,129,2.9,1084.3
Douglas,M,1913,428,169,2.53,1083.9
Krish,M,2006,371,127,2.92,1083.8
Shavonne,F,1978,189,33,5.73,1082.5
Lindy,M,1928,177,29,6.1,1080.3
Amya,F,2001,426,168,2.54,1080.2
Channing,M,2010,373,129,2.89,1078.5
Paityn,F,2009,430,172,2.5,1075.0
Lucero,F,1990,227,48,4.73,1073.5
Keshia,F,1985,321,96,3.34,1073.3
Anfernee,M,1996,300,84,3.57,1071.4
Jireh,M,2022,217,44,4.93,1070.2
Alesia,F,1961,380,135,2.81,1069.6
Leland,M,2005,371,129,2.88,1067.0
Loyal,M,2021,336,106,3.17,1065.1
Nakita,F,1986,269,68,3.96,1064.1
Jalissa,F,1989,153,22,6.95,1064.0
Mckenna,F,1992,390,143,2.73,1063.6
Sunny,F,1976,309,90,3.43,1060.9
Laney,F,2000,332,104,3.19,1059.8
Remington,F,2014,413,161,2.57,1059.4
Avayah,F,2020,276,72,3.83,1058.0
Dylon,M,1992,258,63,4.1,1056.6
Jamison,M,1970,195,36,5.42,1056.2
Scottie,M,2025,262,65,4.03,1056.1
Jadiel,M,2008,241,55,4.38,1056.0
Jameson,M,1984,369,129,2.86,1055.5
Jacalyn,F,1951,345,113,3.05,1053.3
Laisha,F,2001,192,35,5.49,1053.3
Lakisha,F,1972,227,49,4.63,1051.6
Martine,F,1981,205,40,5.12,1050.6
Hoover,M,1929,205,40,5.12,1050.6
Icelynn,F,2023,215,44,4.89,1050.6
Leonidas,M,2007,152,22,6.91,1050.2
Cordell,M,1987,257,63,4.08,1048.4
Briar,F,2015,336,108,3.11,1045.3
Finley,F,2004,168,27,6.22,1045.3
Malakai,M,2002,180,31,5.81,1045.2
Karma,F,2006,313,94,3.33,1042.2
Tamela,F,1959,390,146,2.67,1041.8
Lacey,F,1975,294,83,3.54,1041.4
Rashad,M,1978,352,119,2.96,1041.2
Wyatt,M,1956,258,64,4.03,1040.1
Mia,F,1964,297,85,3.49,1037.8
Jordynn,F,2010,415,166,2.5,1037.5
Sommer,F,1976,161,25,6.44,1036.8
Triniti,F,2000,151,22,6.86,1036.4
Adael,M,2023,151,22,6.86,1036.4
Wilfred,M,1912,317,97,3.27,1036.0
Xena,F,1997,275,73,3.77,1036.0
Brandi,F,1968,378,138,2.74,1035.4
Tatia,F,1966,211,43,4.91,1035.4
Ivan,M,1912,339,111,3.05,1035.3
Skylar,F,1991,364,128,2.84,1035.1
Ensley,F,2017,271,71,3.82,1034.4
Kirstie,F,1989,251,61,4.11,1032.8
Brentley,M,2011,154,23,6.7,1031.1
Brissia,F,2008,154,23,6.7,1031.1
Gisselle,F,1997,278,75,3.71,1030.5
Shelbi,F,1990,220,47,4.68,1029.8
Liz,F,1957,276,74,3.73,1029.4
Betsy,F,2006,370,133,2.78,1029.3
Michelle,F,1943,370,133,2.78,1029.3
Renata,F,1979,229,51,4.49,1028.3
Waylen,M,2023,403,158,2.55,1027.9
Latisha,F,1971,382,142,2.69,1027.6
Forrest,M,1913,395,152,2.6,1026.5
Jencarlos,M,2010,217,46,4.72,1023.7
Charity,F,1970,343,115,2.98,1023.0
Karl,M,1912,323,102,3.17,1022.8
Justice,F,1993,175,30,5.83,1020.8
Halle,F,1994,298,87,3.43,1020.7
Leisa,F,1958,344,116,2.97,1020.1
Lance,M,1938,267,70,3.81,1018.4
Keyshawn,M,1997,194,37,5.24,1017.2
Charlize,F,2001,194,37,5.24,1017.2
Belinda,F,2005,369,134,2.75,1016.1
Kira,F,1981,393,152,2.59,1016.1
Meghan,F,1970,381,143,2.66,1015.1
Madelynn,F,1998,370,135,2.74,1014.1
Kaleigh,F,1987,290,83,3.49,1013.3
Ebony,F,1972,236,55,4.29,1012.7
Bette,F,1917,387,148,2.61,1012.0
Trevon,M,1992,387,148,2.61,1012.0
Kristy,F,1952,332,109,3.05,1011.2
Taylor,F,1981,388,149,2.6,1010.4
Alyssa,F,1969,380,143,2.66,1009.8
Geraldine,F,1988,355,125,2.84,1008.2
Madisyn,F,1997,284,80,3.55,1008.2
Gigi,F,1959,250,62,4.03,1008.1
Dillan,M,1991,222,49,4.53,1005.8
Hattie,F,2012,398,158,2.52,1002.6
Jaycie,F,1996,200,40,5.0,1000.0
Kyan,M,2005,293,86,3.41,998.2
Emmalyn,F,2010,375,141,2.66,997.3
Lowell,M,1913,322,104,3.1,997.0
Debora,F,1950,343,118,2.91,997.0
Siobhan,F,1979,277,77,3.6,996.5
Savanna,F,1984,164,27,6.07,996.1
Iker,M,2010,372,139,2.68,995.6
Gale,F,1940,389,152,2.56,995.5
Declan,M,1999,351,124,2.83,993.6
Kimora,F,2004,312,98,3.18,993.3
Devon,F,1977,329,109,3.02,993.0
Kairo,M,2017,285,82,3.48,990.5
Matt,M,1956,371,139,2.67,990.2
Javonte,M,1992,229,53,4.32,989.5
Eliana,F,1987,211,45,4.69,989.4
Dayana,F,1994,276,77,3.58,989.3
Amiri,F,2021,175,31,5.65,987.9
Chozen,M,2024,347,122,2.84,987.0
Cortney,F,1975,191,37,5.16,986.0
Karlee,F,1992,374,142,2.63,985.0
Marlana,F,1978,169,29,5.83,984.9
Ainara,F,2023,309,97,3.19,984.3
Shayla,F,1977,326,108,3.02,984.0
Zyair,M,2021,326,108,3.02,984.0
Chelsie,F,1983,266,72,3.69,982.7
Sawyer,M,1992,299,91,3.29,982.4
Bruce,M,1913,390,155,2.52,981.3
Arleen,F,1938,310,98,3.16,980.6
Thad,M,1967,365,136,2.68,979.6
Jasmine,F,1975,382,149,2.56,979.4
Cheyanne,F,1991,269,74,3.64,977.9
Brantley,M,2010,311,99,3.14,977.0
Regine,F,1994,174,31,5.61,976.6
Laurel,F,1939,352,127,2.77,975.6
Jolie,F,2001,385,152,2.53,975.2
Crysta,F,1993,195,39,5.0,975.0
Ashly,F,1983,323,107,3.02,975.0
Trina,F,1955,342,120,2.85,974.7
Tasha,F,1966,214,47,4.55,974.4
Dequan,M,1994,377,146,2.58,973.5
Jaeda,F,2007,346,123,2.81,973.3
Delbert,M,1913,369,140,2.64,972.6
Estefania,F,1991,259,69,3.75,972.2
Rosalia,F,2020,371,142,2.61,969.3
Tucker,M,1989,371,142,2.61,969.3
Aniya,F,1999,322,107,3.01,969.0
Jaden,M,1995,338,118,2.86,968.2
Mandie,F,1976,176,32,5.5,968.0
Shani,F,1970,176,32,5.5,968.0
Jay,M,1913,349,126,2.77,966.7
Thelma,F,1896,260,70,3.71,965.7
Devonte,M,1991,260,70,3.71,965.7
Dwan,F,1983,173,31,5.58,965.5
Zahara,F,2006,173,31,5.58,965.5
Kimberlee,F,1955,301,94,3.2,963.8
Zion,M,1998,242,61,3.97,960.1
Teena,F,1956,322,108,2.98,960.0
Arissa,F,2003,221,51,4.33,957.7
Taniyah,F,2003,326,111,2.94,957.4
Byron,M,1913,303,96,3.16,956.3
Cayla,F,1987,290,88,3.3,955.7
Cherrelle,F,1986,188,37,5.08,955.2
Rosalinda,F,2000,334,117,2.85,953.5
Jaron,M,1987,364,139,2.62,953.2
Merle,M,1913,331,115,2.88,952.7
Deion,M,1993,241,61,3.95,952.1
Brigitte,F,1958,169,30,5.63,952.0
Tyreese,M,1999,169,30,5.63,952.0
Daja,F,1995,195,40,4.88,950.6
Jayda,F,1997,256,69,3.71,949.8
Mekhi,M,1998,154,25,6.16,948.6
Watson,M,2018,340,122,2.79,947.5
Dirk,M,1955,377,150,2.51,947.5
Nia,F,1991,368,143,2.57,947.0
Mikala,F,1994,287,87,3.3,946.8
Robbin,F,1954,282,84,3.36,946.7
Marlene,F,1930,306,99,3.09,945.8
Kameron,M,1988,285,86,3.31,944.5
Saniyah,F,2004,273,79,3.46,943.4
Ryan,F,1977,362,139,2.6,942.8
Harlow,F,2010,354,133,2.66,942.2
Kelley,F,1957,291,90,3.23,940.9
Dyllan,M,1992,168,30,5.6,940.8
Zhamira,F,2025,184,36,5.11,940.4
Beverly,F,1915,311,103,3.02,939.0
Ireland,F,1998,260,72,3.61,938.9
Rickie,M,1947,258,71,3.63,937.5
Racquel,F,1969,162,28,5.79,937.3
Jionni,M,2012,243,63,3.86,937.3
Kylian,M,2019,227,55,4.13,936.9
Milagros,F,2009,366,143,2.56,936.8
Harlyn,F,2016,203,44,4.61,936.6
Rick,M,1943,237,60,3.95,936.2
Monserrat,F,2000,256,70,3.66,936.2
Jadyn,F,1999,277,82,3.38,935.7
Dillion,M,1991,186,37,5.03,935.0
Evie,F,2007,355,135,2.63,933.5
Velvet,F,1962,261,73,3.58,933.2
Dior,M,2020,261,73,3.58,933.2
Louann,F,1953,273,80,3.41,931.6
Fantasia,F,2004,167,30,5.57,929.6
Odalis,F,1997,224,54,4.15,929.2
Christy,F,1947,276,82,3.37,929.0
Sharyn,F,1944,269,78,3.45,927.7
Shayla,F,1971,164,29,5.66,927.4
Ariane,F,1978,164,29,5.66,927.4
Khaleesi,F,2014,369,147,2.51,926.3
Octavia,F,2016,260,73,3.56,926.0
Mateo,M,1997,340,125,2.72,924.8
Deb,F,1957,172,32,5.38,924.5
Brianda,F,1992,265,76,3.49,924.0
Janine,F,1947,293,93,3.15,923.1
Eldon,M,1913,243,64,3.8,922.6
Teri,F,1945,239,62,3.85,921.3
Mitzi,F,1953,305,101,3.02,921.0
Aisha,F,1973,223,54,4.13,920.9
Bode,M,2006,235,60,3.92,920.4
Luca,M,2001,343,128,2.68,919.1
Karen,F,1932,303,100,3.03,918.1
Billy,M,1916,361,142,2.54,917.8
Delphine,F,1958,348,132,2.64,917.5
Jamal,M,1970,284,88,3.23,916.5
Carlotta,F,1948,255,71,3.59,915.8
Shane,M,1953,184,37,4.97,915.0
Odalys,F,1997,196,42,4.67,914.7
Penelope,F,2002,346,131,2.64,913.9
Lyle,M,1913,342,128,2.67,913.8
Tamie,F,1959,293,94,3.12,913.3
Jaidyn,M,2004,220,53,4.15,913.2
Theodora,F,2019,314,108,2.91,912.9
Sunshine,F,1975,324,115,2.82,912.8
Misty,F,1961,265,77,3.44,912.0
Adrienne,F,1933,325,116,2.8,910.6
Elwood,M,1913,322,114,2.82,909.5
Jaquelin,F,2000,297,97,3.06,909.4
Denice,F,1952,363,145,2.5,908.8
Tyriq,M,1998,202,45,4.49,906.8
Yair,M,2003,259,74,3.5,906.5
Aryan,M,2002,188,39,4.82,906.3
Maisyn,F,2017,188,39,4.82,906.3
Shannan,F,1969,284,89,3.19,906.2
Lyle,M,1912,325,117,2.78,902.8
Kassandra,F,1982,325,117,2.78,902.8
Paige,F,1961,345,132,2.61,901.7
Jagger,M,2002,288,92,3.13,901.6
Nairobi,F,2021,242,65,3.72,901.0
Denisse,F,2020,319,113,2.82,900.5
Aden,M,2001,330,121,2.73,900.0
Lissette,F,1968,210,49,4.29,900.0
Lashonda,F,1970,210,49,4.29,900.0
Theda,F,1917,334,124,2.69,899.6
Leland,M,1913,338,127,2.66,899.6
India,F,1970,192,41,4.68,899.1
Cecily,F,1988,236,62,3.81,898.3
Brewer,M,2025,310,107,2.9,898.1
Kenya,F,1970,335,125,2.68,897.8
Janiya,F,2001,339,128,2.65,897.8
Hailie,F,2000,295,97,3.04,897.2
Izael,M,2023,304,103,2.95,897.2
Shirlee,F,1935,340,129,2.64,896.1
Dejah,F,1996,194,42,4.62,896.1
Brittaney,F,1986,203,46,4.41,895.8
Adalyn,F,2007,318,113,2.81,894.9
Starr,F,1997,302,102,2.96,894.2
Carmine,M,2005,205,47,4.36,894.1
Crissy,F,1978,274,84,3.26,893.8
Nakisha,F,1975,161,29,5.55,893.8
Amare,M,2005,347,135,2.57,891.9
Dewey,M,1897,158,28,5.64,891.6
Kaylee,F,1985,237,63,3.76,891.6
Skyler,F,1990,283,90,3.14,889.9
Dondre,M,1992,155,27,5.74,889.8
Bruce,M,1912,328,121,2.71,889.1
Kala,F,1982,217,53,4.09,888.5
Reign,F,2016,345,134,2.57,888.2
Dominick,M,1913,325,119,2.73,887.6
Donn,M,1949,341,131,2.6,887.6
Rebeccah,F,1991,186,39,4.77,887.1
Ximena,F,2001,263,78,3.37,886.8
Lakesha,F,1973,240,65,3.69,886.2
Jemal,M,1969,204,47,4.34,885.4
Genesis,F,1988,247,69,3.58,884.2
Jasmine,F,1974,282,90,3.13,883.6
Koby,M,1998,320,116,2.76,882.8
Jordi,M,1998,160,29,5.52,882.8
Kelli,F,1957,288,94,3.06,882.4
Juwan,M,1994,332,125,2.66,881.8
Brittni,F,1986,328,122,2.69,881.8
Aydan,M,2003,243,67,3.63,881.3
Jemma,F,2009,216,53,4.08,880.3
Braylen,M,2005,222,56,3.96,880.1
Galilea,F,1999,199,45,4.42,880.0
Tameka,F,1972,325,121,2.69,872.9
Dasia,F,1996,277,88,3.15,871.9
Tai,F,1980,159,29,5.48,871.8
Ebony,F,1971,167,32,5.22,871.5
Adyson,F,2006,301,104,2.89,871.2
Melania,F,2017,283,92,3.08,870.5
Deb,F,1958,236,64,3.69,870.2
Brantlee,M,2013,236,64,3.69,870.2
Margo,F,1938,316,115,2.75,868.3
Ericka,F,1969,316,115,2.75,868.3
Cadence,F,2002,232,62,3.74,868.1
Daisha,F,1995,313,113,2.77,867.0
Axl,M,2015,313,113,2.77,867.0
Mylie,F,2008,337,131,2.57,866.9
Delbert,M,1912,325,122,2.66,865.8
Cleveland,M,1884,174,35,4.97,865.0
Tamika,F,1969,174,35,4.97,865.0
Kymani,M,2008,258,77,3.35,864.5
Quiana,F,1978,288,96,3.0,864.0
Irvin,M,1912,344,137,2.51,863.8
Colleen,F,1923,311,112,2.78,863.6
Rashad,M,1977,311,112,2.78,863.6
Wells,M,2018,327,124,2.64,862.3
Logan,F,1989,341,135,2.53,861.3
Jerrica,F,1986,199,46,4.33,860.9
Aleeah,F,2011,158,29,5.45,860.8
Mavis,F,1915,264,81,3.26,860.4
Claudine,F,1967,296,102,2.9,859.0
Nallely,F,2001,306,109,2.81,859.0
Marylou,F,1927,281,92,3.05,858.3
Diya,F,2004,281,92,3.05,858.3
Breanna,F,1980,290,98,2.96,858.2
Lara,F,1966,236,65,3.63,856.9
Dominic,M,1912,217,55,3.95,856.2
Jaxtyn,M,2017,185,40,4.62,855.6
Hailie,F,2001,315,116,2.72,855.4
Shalon,F,1977,168,33,5.09,855.3
Jerica,F,1988,341,136,2.51,855.0
Ailani,F,2016,301,106,2.84,854.7
Kristoffer,M,1978,305,109,2.8,853.4
Sharman,F,1950,160,30,5.33,853.3
Romi,F,2025,333,130,2.56,853.0
Wilder,M,2016,338,134,2.52,852.6
Jagger,M,2001,277,90,3.08,852.5
Aundrea,F,2006,189,42,4.5,850.5
Kaliyah,F,2001,244,70,3.49,850.5
Daisha,F,1996,310,113,2.74,850.4
Germaine,M,1972,157,29,5.41,850.0
Layne,F,2020,278,91,3.05,849.3
Everlee,F,2014,208,51,4.08,848.3
Melinda,F,1940,302,108,2.8,844.5
Tracey,F,1954,330,129,2.56,844.2
Ricki,F,1994,197,46,4.28,843.7
Jay,M,1912,318,120,2.65,842.7
Taina,F,2001,248,73,3.4,842.5
Aleyda,F,2014,188,42,4.48,841.5
Vilma,F,1927,213,54,3.94,840.2
Harrison,M,1889,288,99,2.91,837.8
Devan,F,1990,321,123,2.61,837.7
Haziel,M,2025,317,120,2.64,837.4
Jadon,M,1999,322,124,2.6,836.2
Izael,M,2024,314,118,2.66,835.6
Camryn,F,1997,240,69,3.48,834.8
Olive,F,2007,271,88,3.08,834.6
Logan,M,1978,307,113,2.72,834.1
Kara,F,1961,319,122,2.61,834.1
Stacey,F,1954,330,131,2.52,831.3
Unknown,F,1948,294,104,2.83,831.1
Adolph,M,1912,318,122,2.61,828.9
Tinsley,F,2011,232,65,3.57,828.1
Reese,F,2000,249,75,3.32,826.7
Jazlyn,F,1997,307,114,2.69,826.7
Marilynn,F,1922,283,97,2.92,825.7
Dylan,M,1969,228,63,3.62,825.1
Kyara,F,1999,228,63,3.62,825.1
Macey,F,1990,165,33,5.0,825.0
Coleen,F,1948,252,77,3.27,824.7
Maren,F,1979,226,62,3.65,823.8
Jaiden,M,2000,326,129,2.53,823.8
Marlie,F,2008,301,110,2.74,823.6
Kaliyah,F,2002,301,110,2.74,823.6
Erwin,M,1913,275,92,2.99,822.0
Venus,F,1959,295,106,2.78,821.0
Myron,M,1912,231,65,3.55,820.9
Kynlee,F,2010,299,109,2.74,820.2
Harmony,F,1975,174,37,4.7,818.3
Lynda,F,1937,300,110,2.73,818.2
Brandy,F,1968,286,100,2.86,818.0
Kaelyn,F,1995,312,119,2.62,818.0
Haisley,F,2017,227,63,3.6,817.9
Corbin,M,1987,234,67,3.49,817.3
Lyra,F,2009,234,67,3.49,817.3
Kaitlyn,F,1983,274,92,2.98,816.0
Sheena,F,1957,164,33,4.97,815.0
Cassandra,F,1942,185,42,4.4,814.9
Laurence,M,1913,314,121,2.6,814.8
Dylan,M,1970,314,121,2.6,814.8
Rhonda,F,1945,302,112,2.7,814.3
Meaghan,F,1979,302,112,2.7,814.3
Dominick,M,1912,275,93,2.96,813.2
Sibyl,F,1918,299,110,2.72,812.7
Jianna,F,2020,320,126,2.54,812.7
Daulton,M,1994,178,39,4.56,812.4
Crissy,F,1979,261,84,3.11,811.0
Jenna,F,1972,304,114,2.67,810.7
Achilles,M,2006,161,32,5.03,810.0
Brynn,F,1980,161,32,5.03,810.0
Ariane,F,2013,161,32,5.03,810.0
Kaila,F,1987,318,125,2.54,809.0
Kayce,M,2021,197,48,4.1,808.5
Bobby,M,1921,274,93,2.95,807.3
Keena,F,1972,153,29,5.28,807.2
Dionne,F,1966,246,75,3.28,806.9
Daron,M,1965,241,72,3.35,806.7
Johana,F,2001,320,127,2.52,806.3
Kaiya,F,2001,295,108,2.73,805.8
Yaretzi,F,2007,295,108,2.73,805.8
Naylani,F,2025,296,109,2.72,803.8
Hyman,M,1912,255,81,3.15,802.8
Sunshine,F,1974,255,81,3.15,802.8
Abbey,F,1979,255,81,3.15,802.8
Corina,F,1961,270,91,2.97,801.1
Dasia,F,1995,264,87,3.03,801.1
Kanesha,F,1990,198,49,4.04,800.1
Vidal,M,1972,160,32,5.0,800.0
Vicky,F,1942,302,114,2.65,800.0
Barron,M,2025,320,128,2.5,800.0
Kollyns,F,2022,219,60,3.65,799.4
Jaliyah,F,2002,284,101,2.81,798.6
Arisbeth,F,2022,233,68,3.43,798.4
Eider,M,2024,217,59,3.68,798.1
Eiden,M,2024,312,122,2.56,797.9
Roxane,F,1956,308,119,2.59,797.2
Lexus,F,1993,285,102,2.79,796.3
Jaimee,F,1976,185,43,4.3,795.9
Arizbeth,F,2022,211,56,3.77,795.0
Caleb,M,1974,301,114,2.64,794.7
Tamra,F,1957,244,75,3.25,793.8
Dylon,M,1991,169,36,4.69,793.4
Jordy,M,1998,191,46,4.15,793.1
Britany,F,1986,294,109,2.7,793.0
Tracie,F,1957,273,94,2.9,792.9
Taniyah,F,2004,311,122,2.55,792.8
Judi,F,1940,201,51,3.94,792.2
Cortney,F,1974,171,37,4.62,790.3
Brandee,F,1973,245,76,3.22,789.8
Jayceon,M,2012,182,42,4.33,788.7
Reuben,M,1913,293,109,2.69,787.6
Ty,M,1960,254,82,3.1,786.8
Savanna,F,1985,279,99,2.82,786.3
Conor,M,1978,151,29,5.21,786.2
Traci,F,1957,226,65,3.48,785.8
Lakesha,F,1972,161,33,4.88,785.5
Zendaya,F,2014,307,120,2.56,785.4
Jocelyn,F,1951,276,97,2.85,785.3
Jeffery,M,1941,204,53,3.85,785.2
Bode,M,2010,287,105,2.73,784.5
Paityn,F,2008,291,108,2.69,784.1
Liora,F,2025,295,111,2.66,784.0
Garrick,M,1989,258,85,3.04,783.1
Selena,F,1959,213,58,3.67,782.2
Kaydence,F,2003,234,70,3.34,782.2
Shawn,F,1954,310,123,2.52,781.3
Kaitlin,F,1981,211,57,3.7,781.1
Unknown,M,1949,278,99,2.81,780.6
Kelvin,M,1951,181,42,4.31,780.0
Kylo,M,2017,165,35,4.71,777.9
Madisyn,F,1996,185,44,4.2,777.8
Daryl,M,1922,199,51,3.9,776.5
Devontae,M,1993,193,48,4.02,776.0
Jeshua,M,2004,150,29,5.17,775.9
Nery,M,2008,150,29,5.17,775.9
Sinead,F,1990,160,33,4.85,775.8
Rochelle,F,1935,233,70,3.33,775.6
Tena,F,1956,267,92,2.9,774.9
Selena,F,1958,212,58,3.66,774.9
Laurel,F,1938,281,102,2.75,774.1
Kim,F,1947,255,84,3.04,774.1
Ronald,M,1912,302,118,2.56,772.9
Latasha,F,1970,208,56,3.71,772.6
Shaniece,F,1988,162,34,4.76,771.9
Dianna,F,1938,182,43,4.23,770.3
Halo,M,2024,227,67,3.39,769.1
Laramie,F,2023,213,59,3.61,769.0
Jammie,F,1976,251,82,3.06,768.3
Bridgette,F,1958,196,50,3.92,768.3
Paulette,F,1941,277,100,2.77,767.3
Luca,M,2000,297,115,2.58,767.0
Cher,F,1972,235,72,3.26,767.0
Ayla,F,1988,267,93,2.87,766.5
Katia,F,1996,272,97,2.8,762.7
Deyanira,F,1993,201,53,3.79,762.3
Emmalyn,F,2009,250,82,3.05,762.2
Brittni,F,1985,212,59,3.59,761.8
Atlas,M,2013,288,109,2.64,761.0
Shyanne,F,1994,284,106,2.68,760.9
Dajah,F,1996,156,32,4.88,760.5
Jaylon,M,1994,193,49,3.94,760.2
Journey,F,1999,217,62,3.5,759.5
Aislinn,F,2015,281,104,2.7,759.2
Monroe,F,2012,267,94,2.84,758.4
Jamey,M,1970,294,114,2.58,758.2
Gunnar,M,1991,206,56,3.68,757.8
Darian,M,1970,206,56,3.68,757.8
Adalynn,F,2007,215,61,3.52,757.8
Bryer,M,2024,278,102,2.73,757.7
Sibyl,F,1919,299,118,2.53,757.6
Simone,F,1961,282,105,2.69,757.4
Norbert,M,1913,204,55,3.71,756.7
Aaden,M,2007,158,33,4.79,756.5
Garth,M,1992,249,82,3.04,756.1
Melanie,F,1940,200,53,3.77,754.7
Jerica,F,1987,211,59,3.58,754.6
Makenzie,F,1991,284,107,2.65,753.8
Jared,M,1966,259,89,2.91,753.7
Juelz,M,2006,182,44,4.14,752.8
Huey,M,1928,216,62,3.48,752.5
Lyanna,F,2016,216,62,3.48,752.5
Bryon,M,1957,270,97,2.78,751.5
Zyair,M,2020,226,68,3.32,751.1
Keith,M,1913,212,60,3.53,749.1
Kelly,F,1952,296,117,2.53,748.9
Brande,F,1974,173,40,4.33,748.2
Tripp,M,2007,175,41,4.27,747.0
Melody,F,1943,195,51,3.82,745.6
Elyse,F,1983,244,80,3.05,744.2
Chanda,F,1970,250,84,2.98,744.0
Jaxton,M,2009,250,84,2.98,744.0
Xander,M,1999,159,34,4.68,743.6
Bexley,F,2015,204,56,3.64,743.1
Ayven,M,2018,168,38,4.42,742.7
Male,M,1991,223,67,3.33,742.2
Jayden,M,1995,239,77,3.1,741.8
Garrick,M,1990,251,85,2.95,741.2
Amari,M,1998,251,85,2.95,741.2
Garth,M,1991,200,54,3.7,740.7
Ziva,F,2010,161,35,4.6,740.6
Tristan,F,1995,284,109,2.61,740.0
Drew,M,1946,234,74,3.16,739.9
Dean,M,1912,198,53,3.74,739.7
Jillian,F,1976,255,88,2.9,738.9
Neythan,M,2025,255,88,2.9,738.9
Kadeem,M,1989,196,52,3.77,738.8
Javonte,M,1993,229,71,3.23,738.6
Elwood,M,1912,262,93,2.82,738.1
Analia,F,2008,219,65,3.37,737.9
Aislinn,F,2016,277,104,2.66,737.8
Nico,M,1990,266,96,2.77,737.0
Carroll,M,1912,256,89,2.88,736.4
Delaney,F,1990,180,44,4.09,736.4
Madden,M,2006,180,44,4.09,736.4
Eliora,F,2025,287,112,2.56,735.4
Cordell,M,1986,215,63,3.41,733.7
Marisa,F,1957,254,88,2.89,733.1
Grover,M,1913,289,114,2.54,732.6
Spring,F,1976,251,86,2.92,732.6
Myron,M,1913,276,104,2.65,732.5
Adara,F,2023,242,80,3.02,732.0
Lashonda,F,1971,285,111,2.57,731.8
Jireh,M,2023,285,111,2.57,731.8
Amirion,M,2025,171,40,4.28,731.0
Lindsey,F,1974,234,75,3.12,730.1
Yessenia,F,1987,249,85,2.93,729.4
Madden,M,2007,266,97,2.74,729.4
Brent,M,1940,288,114,2.53,727.6
Chyna,F,1997,288,114,2.53,727.6
Talia,F,1977,219,66,3.32,726.7
Murray,M,1912,254,89,2.85,724.9
Brad,M,1947,230,73,3.15,724.7
Mikayla,F,1989,261,94,2.78,724.7
Tasha,F,1967,205,58,3.53,724.6
Anjanette,F,1970,273,103,2.65,723.6
Kaia,F,2000,242,81,2.99,723.0
Eliyanah,F,2018,170,40,4.25,722.5
Jordan,F,1979,283,111,2.55,721.5
Fabian,M,1960,186,48,3.88,720.8
Irelyn,F,2008,176,43,4.09,720.4
Esha,F,2002,184,47,3.91,720.3
Zena,F,1963,213,63,3.38,720.1
Rex,M,1913,243,82,2.96,720.1
Khushi,F,2003,178,44,4.05,720.1
Sasha,F,1973,271,102,2.66,720.0
Jaden,M,1994,271,102,2.66,720.0
Kayden,F,2003,253,89,2.84,719.2
Qiana,F,1977,250,87,2.87,718.4
Merle,M,1912,268,100,2.68,718.2
Kingston,M,2006,204,58,3.52,717.5
Kamora,F,2006,204,58,3.52,717.5
Mavis,F,2013,167,39,4.28,715.1
Brittani,F,1984,283,112,2.53,715.1
Holly,F,1942,230,74,3.11,714.9
Axl,M,2014,270,102,2.65,714.7
Addisyn,F,2005,217,66,3.29,713.5
Jacob,F,2004,171,41,4.17,713.2
Lowell,M,1912,225,71,3.17,713.0
Thelma,F,1895,173,42,4.12,712.6
Dondre,M,1993,151,32,4.72,712.5
Kyomi,F,2024,256,92,2.78,712.3
Braylen,M,2006,276,107,2.58,711.9
Chozyn,M,2025,220,68,3.24,711.8
Ivana,F,1990,231,75,3.08,711.5
Karley,F,1992,253,90,2.81,711.2
Tiara,F,1981,257,93,2.76,710.2
Denice,F,1951,247,86,2.87,709.4
Jordi,M,2013,192,52,3.69,708.9
Alaiya,F,2018,213,64,3.33,708.9
Louann,F,1954,244,84,2.9,708.8
Mac,M,1943,238,80,2.98,708.1
Marylyn,F,1936,238,80,2.98,708.1
Dereon,M,2008,238,80,2.98,708.1
Ashanti,F,1989,206,60,3.43,707.3
Gia,F,1999,199,56,3.55,707.2
Devyn,F,1991,242,83,2.92,705.6
Zena,F,1964,222,70,3.17,704.1
Dania,F,1996,277,109,2.54,703.9
Taya,F,2015,277,109,2.54,703.9
Korie,F,2013,150,32,4.69,703.1
Roxann,F,1951,243,84,2.89,703.0
Aneesa,F,2002,159,36,4.42,702.2
Yessenia,F,1988,250,89,2.81,702.2
Shatara,F,1986,159,36,4.42,702.2
Tori,F,1960,161,37,4.35,700.6
Shanaya,F,2014,161,37,4.35,700.6
Katlin,F,1988,244,85,2.87,700.4
Blayke,F,2017,198,56,3.54,700.1
Layne,F,2019,241,83,2.9,699.8
Corde,M,2008,163,38,4.29,699.2
Bo,M,1980,232,77,3.01,699.0
Jolie,F,2000,276,109,2.53,698.9
Brittanie,F,1986,259,96,2.7,698.8
Nash,M,1997,196,55,3.56,698.5
Justice,M,1993,268,103,2.6,697.3
Conner,M,1988,175,44,3.98,696.0
Ashanti,F,1979,175,44,3.98,696.0
Traci,F,1958,265,101,2.62,695.3
Doug,M,1943,243,85,2.86,694.7
Jody,F,1947,240,83,2.89,694.0
Abril,F,1998,214,66,3.24,693.9
Cindy,F,1942,225,73,3.08,693.5
Jammie,F,1977,262,99,2.65,693.4
Lorelai,F,2006,262,99,2.65,693.4
Cory,M,1955,209,63,3.32,693.3
Dawna,F,1956,234,79,2.96,693.1
Danna,F,2002,276,110,2.51,692.5
Cherelle,F,1986,184,49,3.76,690.9
Tkeyah,F,1991,162,38,4.26,690.6
Oaklyn,F,2016,162,38,4.26,690.6
Makayla,F,1990,252,92,2.74,690.3
Patrice,F,1946,193,54,3.57,689.8
Tehya,F,1998,164,39,4.21,689.6
Lisandro,M,2002,180,47,3.83,689.4
Tameka,F,1971,210,64,3.28,689.1
Errol,M,1938,178,46,3.87,688.8
Zander,M,2001,274,109,2.51,688.8
Coast,M,2025,274,109,2.51,688.8
Khari,F,2017,168,41,4.1,688.4
Ashanti,F,1980,191,53,3.6,688.3
Mylee,F,2006,208,63,3.3,686.7
Jamaal,M,1977,208,63,3.3,686.7
Tyrek,M,1998,243,86,2.83,686.6
Juli,F,1958,271,107,2.53,686.4
Ronaldo,M,1997,157,36,4.36,684.7
Harley,F,1990,157,36,4.36,684.7
Tristian,M,1995,157,36,4.36,684.7
Amari,F,1996,222,72,3.08,684.5
Savion,M,1998,225,74,3.04,684.1
Marleigh,F,2009,273,109,2.5,683.8
Nahla,F,2010,241,85,2.84,683.3
Josette,F,1967,181,48,3.77,682.5
Jasmin,F,1974,161,38,4.24,682.1
Romeo,M,1997,265,103,2.57,681.8
Kyron,M,2010,261,100,2.61,681.2
Nyra,F,2018,167,41,4.07,680.2
Katarina,F,1988,173,44,3.93,680.2
Bellamy,F,2015,186,51,3.65,678.4
Meaghan,F,1978,251,93,2.7,677.4
Aleta,F,1947,262,102,2.57,673.0
Gidget,F,1966,187,52,3.6,672.5
Kacey,M,2021,220,72,3.06,672.2
Arwen,F,2004,166,41,4.05,672.1
Mechelle,F,1966,263,103,2.55,671.5
Kael,M,2025,263,103,2.55,671.5
Yamilet,F,2001,185,51,3.63,671.1
Darian,M,1990,259,100,2.59,670.8
Solomon,M,1912,233,81,2.88,670.2
Lyric,M,2007,207,64,3.23,669.5
Reyansh,M,2012,153,35,4.37,668.8
Lacy,F,1975,210,66,3.18,668.2
Tamara,F,1940,179,48,3.73,667.5
Gisele,F,1956,179,48,3.73,667.5
Latrell,M,2000,257,99,2.6,667.2
Aniyah,F,1999,231,80,2.89,667.0
Tinsley,F,2010,200,60,3.33,666.7
Elaina,F,1978,238,85,2.8,666.4
Jedediah,M,1978,193,56,3.45,665.2
Scottie,M,2024,173,45,3.84,665.1
Krystina,F,1986,246,91,2.7,665.0
Kaitlynn,F,1989,246,91,2.7,665.0
Daren,M,1960,161,39,4.13,664.6
Keith,M,1912,169,43,3.93,664.2
Kacey,M,2020,163,40,4.08,664.2
Briseyda,F,2004,163,40,4.08,664.2
Doug,M,1942,229,79,2.9,663.8
Yara,F,2007,256,99,2.59,662.0
Noelle,F,1964,178,48,3.71,660.1
Shakiyla,F,1991,152,35,4.34,660.1
Rickey,M,1945,262,104,2.52,660.0
Callan,M,2011,234,83,2.82,659.7
Austin,M,1913,258,101,2.55,659.0
Anitra,F,1973,174,46,3.78,658.2
Loriann,F,1961,197,59,3.34,657.8
Zuri,F,2007,213,69,3.09,657.5
Jeshua,M,2005,158,38,4.16,656.9
Leland,M,1912,252,97,2.6,654.7
Jream,F,2021,252,97,2.6,654.7
Mekhi,M,1999,193,57,3.39,653.5
Harmony,F,1976,234,84,2.79,651.9
Wendell,M,1912,212,69,3.07,651.4
Gunnar,M,1992,191,56,3.41,651.4
Sheyla,F,2001,215,71,3.03,651.1
Cameryn,F,1999,196,59,3.32,651.1
Jazlyn,F,1996,204,64,3.19,650.2
Kacie,F,1981,260,104,2.5,650.0
Nasir,M,1997,189,55,3.44,649.5
Syaire,M,2025,251,97,2.59,649.5
Maranda,F,1974,155,37,4.19,649.3
Rickey,M,1944,207,66,3.14,649.2
Kimber,F,1988,239,88,2.72,649.1
Mateo,M,1996,232,83,2.8,648.5
Ivanka,F,2017,165,42,3.93,648.2
Talia,F,1978,213,70,3.04,648.1
Fabian,M,1959,161,40,4.03,648.0
Lorelei,F,2002,202,63,3.21,647.7
Derek,M,1950,202,63,3.21,647.7
Allie,F,1986,226,79,2.86,646.5
Tyra,F,1969,258,103,2.5,646.3
Loren,M,1913,223,77,2.9,645.8
Tristen,F,1995,208,67,3.1,645.7
Lyra,F,2008,200,62,3.23,645.2
Bette,F,1916,230,82,2.8,645.1
Naja,F,1998,150,35,4.29,642.9
Karyme,F,2003,251,98,2.56,642.9
Harlyn,F,2017,221,76,2.91,642.6
Syreeta,F,1975,181,51,3.55,642.4
Trista,F,1971,215,72,2.99,642.0
Aleia,F,2020,243,92,2.64,641.8
Kathie,F,1942,229,82,2.79,639.5
Deidra,F,1961,254,101,2.51,638.8
Brianna,F,1977,223,78,2.86,637.6
Farah,F,1976,173,47,3.68,636.8
Cayde,M,2018,171,46,3.72,635.7
Kamron,M,1999,252,100,2.52,635.0
Nicholaus,M,1979,167,44,3.8,633.8
Whittney,F,1986,151,36,4.19,633.4
Mirabel,F,2022,153,37,4.14,632.7
Demarion,M,2003,153,37,4.14,632.7
Suellen,F,1941,159,40,3.98,632.0
Malcolm,M,1912,233,86,2.71,631.3
Suzette,F,1996,188,56,3.36,631.1
Valorie,F,1950,213,72,2.96,630.1
Mitch,M,1957,207,68,3.04,630.1
Makayla,F,1989,207,68,3.04,630.1
Dwight,M,1912,186,55,3.38,629.0
Kaylee,F,1984,191,58,3.29,629.0
Wendell,M,1913,243,94,2.59,628.2
Chanda,F,1969,202,65,3.11,627.8
Rya,F,2022,168,45,3.73,627.2
Adamari,F,2002,168,45,3.73,627.2
Jairo,M,1985,211,71,2.97,627.1
Kaiser,M,2016,208,69,3.01,627.0
Annya,F,2025,208,69,3.01,627.0
Yuliana,F,2002,249,99,2.52,626.3
Marleigh,F,2008,249,99,2.52,626.3
Campbell,F,2002,197,62,3.18,626.0
Quinton,M,1919,152,37,4.11,624.4
Robb,M,1969,237,90,2.63,624.1
Hakeem,M,2016,237,90,2.63,624.1
Lacey,F,1976,242,94,2.57,623.0
Mariel,F,2024,242,94,2.57,623.0
King,M,2006,219,77,2.84,622.9
Kenya,F,1969,219,77,2.84,622.9
Wrenleigh,F,2023,247,98,2.52,622.5
Valley,F,2025,207,69,3.0,621.0
Zaiden,M,2008,231,86,2.69,620.5
Kaley,F,1985,183,54,3.39,620.2
Anayeli,F,2001,188,57,3.3,620.1
Briseyda,F,2005,167,45,3.71,619.8
Star,F,1997,221,79,2.8,618.2
Nakita,F,1987,221,79,2.8,618.2
Zabdiel,M,2022,205,68,3.01,618.0
Unknown,M,1948,163,43,3.79,617.9
Dejah,F,1995,159,41,3.88,616.6
Kiyan,M,2012,172,48,3.58,616.3
Wendy,F,1939,222,80,2.77,616.0
Tyrique,M,1998,212,73,2.9,615.7
Sevyn,F,2018,230,86,2.67,615.1
Shanique,F,1990,177,51,3.47,614.3
Paulette,F,1940,223,81,2.75,613.9
Mayte,F,2007,227,84,2.7,613.4
Draven,M,1995,182,54,3.37,613.4
Gianni,M,1997,240,94,2.55,612.8
Adley,F,2013,220,79,2.78,612.7
Shirl,F,1964,210,72,2.92,612.5
Jovan,M,1977,175,50,3.5,612.5
Loren,M,1912,201,66,3.05,612.1
Nya,F,1999,207,70,2.96,612.1
Fredrick,M,1913,241,95,2.54,611.4
Wells,M,2017,233,89,2.62,610.0
Ricki,F,1995,196,63,3.11,609.8
Mirha,F,2021,160,42,3.81,609.5
Katelynn,F,1986,188,58,3.24,609.4
Sol,M,1913,218,78,2.79,609.3
Demetri,M,1992,178,52,3.42,609.3
Madelyn,F,1986,197,64,3.08,606.4
Shameka,F,1976,231,88,2.62,606.4
Anton,M,1913,216,77,2.81,605.9
Lyndsey,F,1978,174,50,3.48,605.5
Krissy,F,1979,189,59,3.2,605.4
Abbie,F,1979,237,93,2.55,604.0
Demarion,M,2004,217,78,2.78,603.7
Nariah,F,2003,161,43,3.74,602.8
Major,M,2010,238,94,2.53,602.6
Eren,M,2022,238,94,2.53,602.6
Jomar,M,2005,153,39,3.92,600.2
Laurel,F,1923,202,68,2.97,600.1
Carson,F,1992,202,68,2.97,600.1
Bruno,M,1913,180,54,3.33,600.0
Maite,F,2006,151,38,3.97,600.0
Hazel,F,1884,209,73,2.86,598.4
Britany,F,1985,209,73,2.86,598.4
Maribel,F,1962,232,90,2.58,598.0
Anaia,F,2025,183,56,3.27,598.0
Dara,F,2018,206,71,2.9,597.7
Kesha,F,1971,228,87,2.62,597.5
Itzel,F,1993,224,84,2.67,597.3
Veda,F,1946,200,67,2.99,597.0
Lorne,M,1962,171,49,3.49,596.8
Jonah,M,1971,162,44,3.68,596.5
Tayshaun,M,2005,186,58,3.21,596.5
Allan,M,1912,221,82,2.7,595.6
Layne,M,1995,221,82,2.7,595.6
Kelsea,F,1989,221,82,2.7,595.6
Alison,F,1946,214,77,2.78,594.8
Lael,M,2025,156,41,3.8,593.6
Charleston,F,2016,156,41,3.8,593.6
Tayshaun,M,2004,174,51,3.41,593.6
Lizbet,F,2002,167,47,3.55,593.4
Finnick,M,2016,150,38,3.95,592.1
Deion,M,1992,190,61,3.11,591.8
Riverlynn,F,2022,190,61,3.11,591.8
Jream,M,2024,199,67,2.97,591.1
Jacquelyn,F,1923,233,92,2.53,590.1
Michelle,F,1942,233,92,2.53,590.1
Lindsay,F,1974,213,77,2.77,589.2
Crosby,M,2010,180,55,3.27,589.1
Tory,F,1977,180,55,3.27,589.1
Jaidyn,F,2001,217,80,2.71,588.6
Naiari,F,2024,197,66,2.98,588.0
Jeromy,M,1971,159,43,3.7,587.9
Meagan,F,1975,230,90,2.56,587.8
Isla,F,2007,178,54,3.3,586.7
Everleigh,F,2010,186,59,3.15,586.4
Kingsley,M,2010,201,69,2.91,585.5
Shaila,F,2007,201,69,2.91,585.5
Desirae,F,1978,181,56,3.23,585.0
Aubriella,F,2012,195,65,3.0,585.0
Natanael,M,2020,176,53,3.32,584.5
Bentley,F,2010,233,93,2.51,583.8
Neil,M,1913,184,58,3.17,583.7
Jurnee,F,2008,205,72,2.85,583.7
Imanol,M,2001,169,49,3.45,582.9
Marva,F,1935,187,60,3.12,582.8
Dino,M,1957,225,87,2.59,581.9
Isabella,F,1990,217,81,2.68,581.3
Blake,F,2009,230,91,2.53,581.3
Jamila,F,1974,182,57,3.19,581.1
Bellamy,M,2018,182,57,3.19,581.1
Erwin,M,1912,210,76,2.76,580.3
Jovana,F,2001,185,59,3.14,580.1
Janiya,F,2000,222,85,2.61,579.8
Beyonce,F,2000,197,67,2.94,579.2
Tera,F,1970,191,63,3.03,579.1
Byron,M,1912,227,89,2.55,579.0
Cienna,F,2006,194,65,2.98,579.0
Karyme,F,2000,152,40,3.8,577.6
Darrian,F,1994,150,39,3.85,576.9
Terri,F,1943,189,62,3.05,576.1
Nicolle,F,1969,161,45,3.58,576.0
Katelin,F,1985,168,49,3.43,576.0
Lucian,M,2005,217,82,2.65,574.3
Gizelle,F,2005,206,74,2.78,573.5
Female,F,1990,157,43,3.65,573.2
Tayler,F,1989,190,63,3.02,573.0
Alitzel,F,2024,210,77,2.73,572.7
Derrick,M,1951,218,83,2.63,572.6
Jaiden,F,1999,214,80,2.67,572.4
Drayden,M,2008,164,47,3.49,572.3
Emilie,F,1975,207,75,2.76,571.3
Debby,F,1948,207,75,2.76,571.3
Jodi,F,1953,219,84,2.61,571.0
Keshawn,M,1996,224,88,2.55,570.2
Kaelin,F,1995,160,45,3.56,568.9
Aadhya,F,2013,172,52,3.31,568.9
Carmelo,M,2004,186,61,3.05,567.1
Kisha,F,1970,222,87,2.55,566.5
Zion,F,2000,156,43,3.63,566.0
Landyn,M,2004,210,78,2.69,565.4
Geoffrey,M,1941,223,88,2.53,565.1
Caydence,F,2005,173,53,3.26,564.7
Judie,F,1939,211,79,2.67,563.6
Cael,M,2003,176,55,3.2,563.2
Aleta,F,1946,171,52,3.29,562.3
Gage,M,1989,171,52,3.29,562.3
Reese,F,1999,171,52,3.29,562.3
Khalani,F,2017,159,45,3.53,561.8
Katlyn,F,1986,201,72,2.79,561.1
Tristin,F,1996,157,44,3.57,560.2
Jeryl,F,1955,155,43,3.6,558.7
Lynn,M,1913,192,66,2.91,558.5
Briseida,F,2005,199,71,2.8,557.8
Eider,M,2023,153,42,3.64,557.4
Baylor,F,2015,215,83,2.59,556.9
Skyler,M,1981,175,55,3.18,556.8
Elara,F,2018,175,55,3.18,556.8
Jonas,M,1970,193,67,2.88,556.0
Isha,F,2001,193,67,2.88,556.0
Angelic,F,1992,165,49,3.37,555.6
Lluvia,F,2002,187,63,2.97,555.1
Kellie,F,1957,204,75,2.72,554.9
Flynn,M,2011,212,81,2.62,554.9
Emme,F,2008,212,81,2.62,554.9
Tarsha,F,1971,212,81,2.62,554.9
Austin,F,2002,201,73,2.75,553.4
Allyssa,F,1988,201,73,2.75,553.4
Britta,F,1986,191,66,2.89,552.7
Stevie,F,1983,179,58,3.09,552.4
Janine,F,1946,188,64,2.94,552.2
Laquan,M,1991,202,74,2.73,551.4
Tristan,F,1982,152,42,3.62,550.1
Everly,F,2010,159,46,3.46,549.6
Jayden,M,1994,159,46,3.46,549.6
Marc,M,1941,207,78,2.65,549.3
Russel,M,1913,196,70,2.8,548.8
Kamilah,F,1977,172,54,3.19,547.9
Jamya,F,2000,204,76,2.68,547.6
Debrah,F,1951,190,66,2.88,547.0
Goldie,F,1885,167,51,3.27,546.8
Caydence,F,2004,170,53,3.21,545.3
Echo,F,1984,182,61,2.98,543.0
Layla,F,1973,151,42,3.6,542.9
Dani,F,1957,168,52,3.23,542.8
Emmalynn,F,2010,216,86,2.51,542.5
Imani,F,1990,203,76,2.67,542.2
Havana,F,2018,171,54,3.17,541.5
Gia,F,1998,174,56,3.11,540.6
Channing,F,2010,204,77,2.65,540.5
Selene,F,1990,166,51,3.25,540.3
Claudette,F,1932,180,60,3.0,540.0
Arisbeth,F,2021,180,60,3.0,540.0
Wrenley,F,2019,193,69,2.8,539.8
Delano,M,1934,209,81,2.58,539.3
Echo,F,1983,181,61,2.97,537.1
Candy,F,1945,198,73,2.71,537.0
Caitlyn,F,1983,157,46,3.41,535.8
Coen,M,2005,157,46,3.41,535.8
Kerry,F,1944,150,42,3.57,535.7
Lynda,F,1936,203,77,2.64,535.2
Aniya,F,1998,185,64,2.89,534.8
April,F,1941,176,58,3.03,534.1
Abril,F,1999,213,85,2.51,533.8
Kiaan,M,2016,168,53,3.17,532.5
Fredrick,M,1912,193,70,2.76,532.1
Johnpaul,M,1979,174,57,3.05,531.2
Walker,F,2022,158,47,3.36,531.1
Reign,M,2016,158,47,3.36,531.1
Nikki,F,1943,190,68,2.79,530.9
Diandra,F,1988,191,69,2.77,528.7
Mychal,M,1988,203,78,2.6,528.3
Luana,F,1947,164,51,3.22,527.4
Lennox,F,2013,154,45,3.42,527.0
Daunte,M,2001,159,48,3.31,526.7
Coast,M,2024,185,65,2.85,526.5
Colby,M,1971,209,83,2.52,526.3
Robbin,F,1953,196,73,2.68,526.2
Aveline,F,2016,179,61,2.93,525.3
Ainara,F,2022,189,68,2.78,525.3
Castiel,M,2013,210,84,2.5,525.0
Dawsyn,F,2017,162,50,3.24,524.9
Clair,M,1913,191,70,2.73,521.2
Brittany,F,1972,199,76,2.62,521.1
Jair,M,1996,153,45,3.4,520.2
Sanai,F,2004,188,68,2.76,519.8
Chantel,F,1968,178,61,2.92,519.4
Michele,F,1941,172,57,3.02,519.0
Brittny,F,1985,185,66,2.8,518.6
Abbey,F,1978,176,60,2.93,516.3
Jaycie,F,1997,162,51,3.18,514.6
Clark,M,1912,187,68,2.75,514.2
Alyse,F,1985,195,74,2.64,513.9
Clark,M,1913,191,71,2.69,513.8
Kelis,F,2004,191,71,2.69,513.8
Coty,M,1985,177,61,2.9,513.6
Stuart,M,1913,157,48,3.27,513.5
Idalia,F,2023,160,50,3.2,512.0
Aleeah,F,2012,181,64,2.83,511.9
Skyler,M,1982,201,79,2.54,511.4
Sabra,F,1961,155,47,3.3,511.2
Koah,M,2023,197,76,2.59,510.6
Cassondra,F,1982,186,68,2.74,508.8
Dominque,M,1989,179,63,2.84,508.6
Rico,M,1971,190,71,2.68,508.5
Saniyah,F,2003,161,51,3.16,508.3
Shante,F,1977,199,78,2.55,507.7
Austyn,M,1994,167,55,3.04,507.1
Shanon,F,1969,200,79,2.53,506.3
Falon,F,1982,165,54,3.06,504.2
Madelyn,F,1987,181,65,2.78,504.0
Macey,F,1991,181,65,2.78,504.0
Talisa,F,1989,168,56,3.0,504.0
Jacquez,M,1998,168,56,3.0,504.0
Julisa,F,1998,193,74,2.61,503.4
Seymour,M,1913,157,49,3.2,503.0
Chelsie,F,1982,160,51,3.14,502.0
Loyal,M,2020,190,72,2.64,501.4
Leesa,F,1957,186,69,2.7,501.4
Burton,M,1912,163,53,3.08,501.3
Kollyns,F,2021,163,53,3.08,501.3
Honesty,F,2001,155,48,3.23,500.5
Kimberley,F,1953,191,73,2.62,499.7
Taven,M,2007,158,50,3.16,499.3
Stone,M,1995,164,54,3.04,498.1
Beau,M,1970,167,56,2.98,498.0
Carlotta,F,1947,188,71,2.65,497.8
Wilmer,M,1913,197,78,2.53,497.6
Christophe,M,1950,156,49,3.18,496.7
Sandy,F,1938,181,66,2.74,496.4
Shaunna,F,1978,171,59,2.9,495.6
Lizet,F,1999,165,55,3.0,495.0
Shanequa,F,1990,175,62,2.82,494.0
Harper,M,2006,195,77,2.53,493.8
Tamekia,F,1975,157,50,3.14,493.0
Mario,M,1913,166,56,2.96,492.1
Mario,M,1912,152,47,3.23,491.6
Kaiden,M,2000,192,75,2.56,491.5
Regan,F,1974,188,72,2.61,490.9
Delilah,F,1970,170,59,2.88,489.8
Blair,F,1980,170,59,2.88,489.8
Avah,F,2006,170,59,2.88,489.8
Lorri,F,1954,150,46,3.26,489.1
Kalel,M,2006,161,53,3.04,489.1
Maite,F,2007,164,55,2.98,489.0
Kamryn,F,1997,194,77,2.52,488.8
Shamika,F,1976,174,62,2.81,488.3
Lylah,F,2007,153,48,3.19,487.7
Aysha,F,2024,153,48,3.19,487.7
Evren,M,2023,169,59,2.86,484.1
Laramie,F,2022,154,49,3.14,484.0
Saanvi,F,2007,180,67,2.69,483.6
Kacie,F,1980,189,74,2.55,482.7
Somer,F,1978,152,48,3.17,481.3
Eden,F,1986,164,56,2.93,480.3
Daemon,M,2023,158,52,3.04,480.1
Shad,M,1970,175,64,2.73,478.5
Rue,F,2022,183,70,2.61,478.4
Tamera,F,1994,179,67,2.67,478.2
Orval,M,1913,165,57,2.89,477.6
Kolson,M,2020,189,75,2.52,476.3
Keidy,F,2022,151,48,3.15,475.0
Tyrel,M,1981,181,69,2.62,474.8
Lakeisha,F,1972,157,52,3.02,474.0
Corliss,F,1946,182,70,2.6,473.2
Joel,M,1913,167,59,2.83,472.7
Jaedyn,F,2002,187,74,2.53,472.6
Trayvon,M,2012,179,68,2.63,471.2
Adia,F,1999,155,51,3.04,471.1
Morton,M,1913,185,73,2.53,468.8
Debora,F,1949,185,73,2.53,468.8
Shianne,F,1994,185,73,2.53,468.8
Jerilynn,F,1942,162,56,2.89,468.6
Desirae,F,1979,162,56,2.89,468.6
Lakendra,F,1987,177,67,2.64,467.6
Wrenlee,F,2021,154,51,3.02,465.0
Jahkai,M,2025,167,60,2.78,464.8
Ally,F,1997,184,73,2.52,463.8
Marcus,M,1913,172,64,2.69,462.2
Clement,M,1912,172,64,2.69,462.2
Shirl,F,1963,152,50,3.04,462.1
Rickie,M,1946,165,59,2.8,461.4
Maynard,M,1913,169,62,2.73,460.7
Delainey,F,2024,169,62,2.73,460.7
Lola,F,2001,182,72,2.53,460.1
Kaela,F,1987,182,72,2.53,460.1
Dinah,F,1943,178,69,2.58,459.2
Gwyneth,F,1999,178,69,2.58,459.2
Angeles,F,1998,156,53,2.94,459.2
Laquan,M,1990,153,51,3.0,459.0
Alva,M,1913,167,61,2.74,457.2
Grecia,F,1988,167,61,2.74,457.2
Maynard,M,1912,151,50,3.02,456.0
Shanon,F,1968,155,53,2.92,453.3
Kalel,M,2007,178,70,2.54,452.6
Thatcher,M,2006,162,58,2.79,452.5
Harlow,M,2022,166,61,2.72,451.7
Lyric,M,2006,153,52,2.94,450.2
Cyndi,F,1958,180,72,2.5,450.0
Decker,M,2014,180,72,2.5,450.0
Derrick,M,1950,171,65,2.63,449.9
Dane,M,1947,176,69,2.55,448.9
Shawnee,F,1990,168,63,2.67,448.0
Abbie,F,1978,177,70,2.53,447.6
Storm,M,1991,151,51,2.96,447.1
Lakeshia,F,1974,151,51,2.96,447.1
Denisse,F,1987,169,64,2.64,446.3
Kaitlynn,F,1988,165,61,2.7,446.3
Jazmine,F,1985,174,68,2.56,445.2
Zabdiel,M,2023,174,68,2.56,445.2
Kyndra,F,2007,163,60,2.72,442.8
Meyer,M,1913,167,63,2.65,442.7
Calia,F,2025,167,63,2.65,442.7
Vanessa,F,1951,176,70,2.51,442.5
Shirlene,F,1936,156,55,2.84,442.5
Daysha,F,1996,156,55,2.84,442.5
Darian,M,1969,157,56,2.8,440.2
Ruthann,F,1938,169,65,2.6,439.4
Shamar,M,1996,161,59,2.73,439.3
Benedict,M,2005,158,57,2.77,438.0
Patience,F,1990,170,66,2.58,437.9
Tavares,M,1975,162,60,2.7,437.4
Adrian,M,1913,155,55,2.82,436.8
Kisha,F,1969,152,53,2.87,435.9
Keion,M,1996,159,58,2.74,435.9
Devyn,F,1990,163,61,2.67,435.6
Citlali,F,2000,156,56,2.79,434.6
Kolsen,M,2024,156,56,2.79,434.6
Armani,F,1996,168,65,2.58,434.2
Penelope,F,1937,173,69,2.51,433.8
Kristen,F,1947,153,54,2.83,433.5
Ashante,F,2002,157,57,2.75,432.4
Esmeray,F,2025,157,57,2.75,432.4
Roseanna,F,1983,165,63,2.62,432.1
Macie,F,1991,161,60,2.68,432.0
Dynasty,F,2001,161,60,2.68,432.0
Debrah,F,1950,154,55,2.8,431.2
Savanah,F,1986,158,58,2.72,430.4
Cody,F,1978,158,58,2.72,430.4
Nashly,F,2024,151,53,2.85,430.2
Fernanda,F,1993,171,68,2.51,430.0
Zhuri,F,2019,163,62,2.63,428.5
Kevon,M,1991,156,57,2.74,426.9
Mikaylah,F,2005,156,57,2.74,426.9
Grant,M,1912,169,67,2.52,426.3
Myleigh,F,2008,153,55,2.78,425.6
Saundra,F,1936,170,68,2.5,425.0
Tenika,F,1982,157,58,2.71,425.0
Mckayla,F,1993,170,68,2.5,425.0
Raquan,M,1996,157,58,2.71,425.0
Naydelin,F,2003,157,58,2.71,425.0
Torrie,F,1977,154,56,2.75,423.5
Alan,M,1913,158,59,2.68,423.1
Neil,M,1912,151,54,2.8,422.2
Wrenly,F,2022,155,57,2.72,421.5
Londynn,F,2011,159,60,2.65,421.3
Kentrell,M,2019,164,64,2.56,420.2
Halo,F,2010,152,55,2.76,420.1
Eythan,M,2024,156,58,2.69,419.6
Ariel,F,1978,162,63,2.57,416.6
Sheryl,F,1938,154,57,2.7,416.1
Mirella,F,1997,163,64,2.55,415.1
Cassidy,M,1983,163,64,2.55,415.1
Deklan,M,2012,164,65,2.52,413.8
Uziel,M,2021,160,62,2.58,412.9
Bowie,M,2017,156,59,2.64,412.5
Jasleen,F,2008,165,66,2.5,412.5
Harlynn,F,2017,165,66,2.5,412.5
Jarrell,M,1985,157,60,2.62,410.8
Markita,F,1984,153,57,2.68,410.7
Lincoln,F,2015,158,61,2.59,409.2
Allegra,F,1988,154,58,2.66,408.9
Latara,F,1987,154,58,2.66,408.9
Cady,F,1991,154,58,2.66,408.9
Roseanna,F,1982,155,59,2.63,407.2
Fantasia,F,1992,151,56,2.7,407.2
Aliyana,F,2011,158,62,2.55,402.6
Eli,M,1912,159,63,2.52,401.3
Kolson,M,2019,159,63,2.52,401.3
Egypt,F,2005,156,61,2.56,399.0
Kavion,M,2009,154,60,2.57,395.3
Kahlani,F,2018,150,57,2.63,394.7
Cecily,F,1987,150,58,2.59,387.9
True,M,2019,151,60,2.52,380.0
Kayden,F,2002,150,60,2.5,375.0
